/*
 Navicat Premium Data Transfer

 Source Server         : mySql_asRoot
 Source Server Type    : MySQL
 Source Server Version : 50642
 Source Host           : 193.112.41.124:3306
 Source Schema         : sharenovel

 Target Server Type    : MySQL
 Target Server Version : 50642
 File Encoding         : 65001

 Date: 20/05/2019 15:47:52
*/

SET NAMES utf8mb4;
SET FOREIGN_KEY_CHECKS = 0;

-- ----------------------------
-- Table structure for sn_admin
-- ----------------------------
DROP TABLE IF EXISTS `sn_admin`;
CREATE TABLE `sn_admin`  (
  `admin_id` int(11) NOT NULL AUTO_INCREMENT,
  `admin_username` varchar(30) CHARACTER SET utf8 COLLATE utf8_general_ci NOT NULL,
  `admin_password` varchar(30) CHARACTER SET utf8 COLLATE utf8_general_ci NOT NULL,
  `admin_nickpic` varchar(255) CHARACTER SET utf8 COLLATE utf8_general_ci NULL DEFAULT NULL COMMENT '管理员头像',
  PRIMARY KEY (`admin_id`, `admin_username`) USING BTREE
) ENGINE = InnoDB AUTO_INCREMENT = 5 CHARACTER SET = utf8 COLLATE = utf8_general_ci ROW_FORMAT = Compact;

-- ----------------------------
-- Records of sn_admin
-- ----------------------------
INSERT INTO `sn_admin` VALUES (1, '333', '12313', 'http://193.112.41.124/group1/M00/00/00/rBAABVzWntKAH6B-AAGCMX8MHUQ893.jpg');
INSERT INTO `sn_admin` VALUES (2, '333', '123123', 'http://193.112.41.124/group1/M00/00/00/rBAABVzWntKAH6B-AAGCMX8MHUQ893.jpg');
INSERT INTO `sn_admin` VALUES (3, 'yoko', '123123', 'http://193.112.41.124/group1/M00/00/00/rBAABVzNloqAZyZpAAebYAJE1TA251.jpg');
INSERT INTO `sn_admin` VALUES (4, 'jian_dan', '11111111', 'http://193.112.41.124/group1/M00/00/00/rBAABVzav4iAUcSvAAB0il4guDI987.jpg');

-- ----------------------------
-- Table structure for sn_category
-- ----------------------------
DROP TABLE IF EXISTS `sn_category`;
CREATE TABLE `sn_category`  (
  `cat_id` int(11) NOT NULL AUTO_INCREMENT COMMENT '分类id自增主键',
  `cat_name` varchar(50) CHARACTER SET utf8 COLLATE utf8_general_ci NOT NULL COMMENT '分类名称',
  `cat_parentid` int(11) NOT NULL DEFAULT 0 COMMENT '当前分类的父id，默认0代表顶级分类',
  `cat_gender` int(11) NULL DEFAULT NULL COMMENT '当前分类所属性别分类(男生喜欢0/女生喜欢1)',
  PRIMARY KEY (`cat_id`) USING BTREE
) ENGINE = InnoDB AUTO_INCREMENT = 135 CHARACTER SET = utf8 COLLATE = utf8_general_ci ROW_FORMAT = Compact;

-- ----------------------------
-- Records of sn_category
-- ----------------------------
INSERT INTO `sn_category` VALUES (1, '奇幻玄幻', 0, 0);
INSERT INTO `sn_category` VALUES (2, '武侠仙侠', 0, 0);
INSERT INTO `sn_category` VALUES (3, '都市娱乐', 0, 0);
INSERT INTO `sn_category` VALUES (4, '历史军事', 0, 0);
INSERT INTO `sn_category` VALUES (5, '游戏竞技', 0, 0);
INSERT INTO `sn_category` VALUES (6, '科幻灵异', 0, 0);
INSERT INTO `sn_category` VALUES (7, '二次元', 0, 0);
INSERT INTO `sn_category` VALUES (8, '都市言情', 0, 1);
INSERT INTO `sn_category` VALUES (9, '古装言情', 0, 1);
INSERT INTO `sn_category` VALUES (10, '幻想言情', 0, 1);
INSERT INTO `sn_category` VALUES (11, '浪漫青春', 0, 1);
INSERT INTO `sn_category` VALUES (12, '游戏竞技', 0, 1);
INSERT INTO `sn_category` VALUES (13, '科幻空间', 0, 1);
INSERT INTO `sn_category` VALUES (14, '悬疑灵异', 0, 1);
INSERT INTO `sn_category` VALUES (15, '耽美同人', 0, 1);
INSERT INTO `sn_category` VALUES (44, '东方玄幻', 1, 0);
INSERT INTO `sn_category` VALUES (45, '异界大陆', 1, 0);
INSERT INTO `sn_category` VALUES (46, '异界争霸', 1, 0);
INSERT INTO `sn_category` VALUES (47, '远古神话', 1, 0);
INSERT INTO `sn_category` VALUES (48, '西方奇幻', 1, 0);
INSERT INTO `sn_category` VALUES (49, '领主贵族', 1, 0);
INSERT INTO `sn_category` VALUES (50, '亡灵异族', 1, 0);
INSERT INTO `sn_category` VALUES (51, '魔法校园', 1, 0);
INSERT INTO `sn_category` VALUES (52, '其他', 1, 0);
INSERT INTO `sn_category` VALUES (57, '新派武侠', 2, 0);
INSERT INTO `sn_category` VALUES (58, '都市异能', 3, 0);
INSERT INTO `sn_category` VALUES (61, '都市重生', 3, 0);
INSERT INTO `sn_category` VALUES (66, '现代异侠', 2, NULL);
INSERT INTO `sn_category` VALUES (67, '传统武侠', 2, NULL);
INSERT INTO `sn_category` VALUES (68, '洪荒封神', 2, NULL);
INSERT INTO `sn_category` VALUES (69, '现代修真', 2, NULL);
INSERT INTO `sn_category` VALUES (70, '奇幻修真', 2, NULL);
INSERT INTO `sn_category` VALUES (71, '国术古武', 2, NULL);
INSERT INTO `sn_category` VALUES (72, '古典仙侠', 2, NULL);
INSERT INTO `sn_category` VALUES (73, '都市生活', 3, NULL);
INSERT INTO `sn_category` VALUES (74, '青春校园', 3, NULL);
INSERT INTO `sn_category` VALUES (75, '娱乐明星', 3, NULL);
INSERT INTO `sn_category` VALUES (76, '都市激战', 3, NULL);
INSERT INTO `sn_category` VALUES (77, '官场风云', 3, NULL);
INSERT INTO `sn_category` VALUES (78, '商场职战', 3, NULL);
INSERT INTO `sn_category` VALUES (79, '历史传奇', 4, NULL);
INSERT INTO `sn_category` VALUES (80, '战争幻想', 4, NULL);
INSERT INTO `sn_category` VALUES (81, '战史风云', 4, NULL);
INSERT INTO `sn_category` VALUES (82, '架空历史', 4, NULL);
INSERT INTO `sn_category` VALUES (83, '谍战特工', 4, NULL);
INSERT INTO `sn_category` VALUES (84, '军旅生涯', 4, NULL);
INSERT INTO `sn_category` VALUES (85, '历史穿越', 4, NULL);
INSERT INTO `sn_category` VALUES (86, '其它', 4, NULL);
INSERT INTO `sn_category` VALUES (87, '虚拟网游', 5, NULL);
INSERT INTO `sn_category` VALUES (88, '游戏异界', 5, NULL);
INSERT INTO `sn_category` VALUES (89, '天下足球', 5, NULL);
INSERT INTO `sn_category` VALUES (90, '电子竞技', 5, NULL);
INSERT INTO `sn_category` VALUES (91, '棋牌桌游', 5, NULL);
INSERT INTO `sn_category` VALUES (92, '游戏生涯', 5, NULL);
INSERT INTO `sn_category` VALUES (93, '体育竞技', 5, NULL);
INSERT INTO `sn_category` VALUES (94, '篮球风云', 5, NULL);
INSERT INTO `sn_category` VALUES (95, '星际战争', 6, NULL);
INSERT INTO `sn_category` VALUES (96, '古武机甲', 6, NULL);
INSERT INTO `sn_category` VALUES (97, '末世危机', 6, NULL);
INSERT INTO `sn_category` VALUES (98, '进化变异', 6, NULL);
INSERT INTO `sn_category` VALUES (99, '未来幻想', 6, NULL);
INSERT INTO `sn_category` VALUES (100, '时空穿梭', 6, NULL);
INSERT INTO `sn_category` VALUES (101, '灵异惊悚', 6, NULL);
INSERT INTO `sn_category` VALUES (102, '悬疑推理', 6, NULL);
INSERT INTO `sn_category` VALUES (103, '原生幻想', 7, NULL);
INSERT INTO `sn_category` VALUES (104, '衍生同人', 7, NULL);
INSERT INTO `sn_category` VALUES (105, '变身入替', 7, NULL);
INSERT INTO `sn_category` VALUES (106, '搞笑吐槽', 7, NULL);
INSERT INTO `sn_category` VALUES (107, '青春日常', 7, NULL);
INSERT INTO `sn_category` VALUES (108, '总裁豪门', 8, NULL);
INSERT INTO `sn_category` VALUES (109, '都市情缘', 8, NULL);
INSERT INTO `sn_category` VALUES (110, '职场丽人', 8, NULL);
INSERT INTO `sn_category` VALUES (111, '婚恋爱情', 8, NULL);
INSERT INTO `sn_category` VALUES (112, '民国旧影', 8, NULL);
INSERT INTO `sn_category` VALUES (113, '异术超能', 8, NULL);
INSERT INTO `sn_category` VALUES (114, '宫廷贵族', 9, NULL);
INSERT INTO `sn_category` VALUES (115, '古代情缘', 9, NULL);
INSERT INTO `sn_category` VALUES (116, '穿越时空', 9, NULL);
INSERT INTO `sn_category` VALUES (117, '家宅恩怨', 9, NULL);
INSERT INTO `sn_category` VALUES (118, '经商种田', 9, NULL);
INSERT INTO `sn_category` VALUES (119, '玄幻武侠', 10, NULL);
INSERT INTO `sn_category` VALUES (120, '修真异世', 10, NULL);
INSERT INTO `sn_category` VALUES (121, '异族恋情', 10, NULL);
INSERT INTO `sn_category` VALUES (122, '魔法幻情', 10, NULL);
INSERT INTO `sn_category` VALUES (123, '叛逆成长', 11, NULL);
INSERT INTO `sn_category` VALUES (124, '青春纯爱', 11, NULL);
INSERT INTO `sn_category` VALUES (125, '青春疼痛', 11, NULL);
INSERT INTO `sn_category` VALUES (126, '网游情缘', 12, NULL);
INSERT INTO `sn_category` VALUES (127, '星际恋歌', 13, NULL);
INSERT INTO `sn_category` VALUES (128, '未来世界', 13, NULL);
INSERT INTO `sn_category` VALUES (129, '古武超科', 13, NULL);
INSERT INTO `sn_category` VALUES (130, '侦探悬疑', 14, NULL);
INSERT INTO `sn_category` VALUES (131, '耽美小说', 15, NULL);

-- ----------------------------
-- Table structure for sn_chapter
-- ----------------------------
DROP TABLE IF EXISTS `sn_chapter`;
CREATE TABLE `sn_chapter`  (
  `chapter_id` int(11) NOT NULL AUTO_INCREMENT COMMENT '章节id,自增',
  `chapter_novelid` int(11) NOT NULL COMMENT '外键 指向小说id',
  `chapter_title` varchar(50) CHARACTER SET utf8 COLLATE utf8_general_ci NOT NULL COMMENT '章节标题',
  `chapter_content` longtext CHARACTER SET utf8 COLLATE utf8_general_ci NOT NULL COMMENT '章节文本',
  `chapter_updatetime` datetime(0) NULL DEFAULT NULL ON UPDATE CURRENT_TIMESTAMP(0) COMMENT '章节更新时间',
  PRIMARY KEY (`chapter_id`) USING BTREE,
  INDEX `chapter_novelid`(`chapter_novelid`) USING BTREE,
  INDEX `chapter_title`(`chapter_title`) USING BTREE,
  INDEX `chapter_id`(`chapter_id`) USING BTREE,
  INDEX `updatetime`(`chapter_updatetime`) USING BTREE,
  CONSTRAINT `fore_chapter_novelid` FOREIGN KEY (`chapter_novelid`) REFERENCES `sn_novel` (`novel_id`) ON DELETE CASCADE ON UPDATE RESTRICT
) ENGINE = InnoDB AUTO_INCREMENT = 508 CHARACTER SET = utf8 COLLATE = utf8_general_ci ROW_FORMAT = Compact;

-- ----------------------------
-- Records of sn_chapter
-- ----------------------------
INSERT INTO `sn_chapter` VALUES (1, 1, '序章-风华绝代', '京华大学，华夏国最高学府，坐落于京华市中心之北，在历经数百年风风雨雨的洗礼后沉淀了丰厚的历史和文化底蕴，在全世界的高等学府中有着举足轻重的地位。能入京华，几乎是所有华夏学子的梦想和荣耀。', '2019-05-09 12:40:43');
INSERT INTO `sn_chapter` VALUES (2, 1, '第01章-章节标题', '京华大学，华夏国最高学府，坐落于京华市中心之北，在历经数百年风风雨雨的洗礼后沉淀了丰厚的历史和文化底蕴，在全世界的高等学府中有着举足轻重的地位。能入京华，几乎是所有华夏学子的梦想和荣耀。', '2019-05-09 09:47:57');
INSERT INTO `sn_chapter` VALUES (3, 1, '第02章-章节标题', '京华大学，华夏国最高学府，坐落于京华市中心之北，在历经数百年风风雨雨的洗礼后沉淀了丰厚的历史和文化底蕴，在全世界的高等学府中有着举足轻重的地位。能入京华，几乎是所有华夏学子的梦想和荣耀。', '2019-05-09 09:48:00');
INSERT INTO `sn_chapter` VALUES (4, 1, '第03章-章节标题', '京华大学，华夏国最高学府，坐落于京华市中心之北，在历经数百年风风雨雨的洗礼后沉淀了丰厚的历史和文化底蕴，在全世界的高等学府中有着举足轻重的地位。能入京华，几乎是所有华夏学子的梦想和荣耀。', '2019-05-09 09:48:01');
INSERT INTO `sn_chapter` VALUES (5, 1, '第04章-章节标题', '京华大学，华夏国最高学府，坐落于京华市中心之北，在历经数百年风风雨雨的洗礼后沉淀了丰厚的历史和文化底蕴，在全世界的高等学府中有着举足轻重的地位。能入京华，几乎是所有华夏学子的梦想和荣耀。', '2019-05-09 09:48:01');
INSERT INTO `sn_chapter` VALUES (6, 1, '第05章-章节标题', '京华大学，华夏国最高学府，坐落于京华市中心之北，在历经数百年风风雨雨的洗礼后沉淀了丰厚的历史和文化底蕴，在全世界的高等学府中有着举足轻重的地位。能入京华，几乎是所有华夏学子的梦想和荣耀。', '2019-05-09 09:48:02');
INSERT INTO `sn_chapter` VALUES (7, 1, '第06章-章节标题', '京华大学，华夏国最高学府，坐落于京华市中心之北，在历经数百年风风雨雨的洗礼后沉淀了丰厚的历史和文化底蕴，在全世界的高等学府中有着举足轻重的地位。能入京华，几乎是所有华夏学子的梦想和荣耀。', '2019-05-09 09:48:03');
INSERT INTO `sn_chapter` VALUES (8, 1, '第07章-章节标题', '京华大学，华夏国最高学府，坐落于京华市中心之北，在历经数百年风风雨雨的洗礼后沉淀了丰厚的历史和文化底蕴，在全世界的高等学府中有着举足轻重的地位。能入京华，几乎是所有华夏学子的梦想和荣耀。', '2019-05-09 09:48:04');
INSERT INTO `sn_chapter` VALUES (9, 1, '第08章-章节标题', '京华大学，华夏国最高学府，坐落于京华市中心之北，在历经数百年风风雨雨的洗礼后沉淀了丰厚的历史和文化底蕴，在全世界的高等学府中有着举足轻重的地位。能入京华，几乎是所有华夏学子的梦想和荣耀。', '2019-05-09 09:48:05');
INSERT INTO `sn_chapter` VALUES (10, 1, '第09章-章节标题', '京华大学，华夏国最高学府，坐落于京华市中心之北，在历经数百年风风雨雨的洗礼后沉淀了丰厚的历史和文化底蕴，在全世界的高等学府中有着举足轻重的地位。能入京华，几乎是所有华夏学子的梦想和荣耀。', '2019-05-09 09:48:06');
INSERT INTO `sn_chapter` VALUES (11, 1, '第10章-章节标题', '京华大学，华夏国最高学府，坐落于京华市中心之北，在历经数百年风风雨雨的洗礼后沉淀了丰厚的历史和文化底蕴，在全世界的高等学府中有着举足轻重的地位。能入京华，几乎是所有华夏学子的梦想和荣耀。', '2019-05-09 09:48:08');
INSERT INTO `sn_chapter` VALUES (12, 1, '第11章-章节标题', '京华大学，华夏国最高学府，坐落于京华市中心之北，在历经数百年风风雨雨的洗礼后沉淀了丰厚的历史和文化底蕴，在全世界的高等学府中有着举足轻重的地位。能入京华，几乎是所有华夏学子的梦想和荣耀。', '2019-05-09 09:48:09');
INSERT INTO `sn_chapter` VALUES (13, 1, '第12章-章节标题', '京华大学，华夏国最高学府，坐落于京华市中心之北，在历经数百年风风雨雨的洗礼后沉淀了丰厚的历史和文化底蕴，在全世界的高等学府中有着举足轻重的地位。能入京华，几乎是所有华夏学子的梦想和荣耀。', '2019-05-09 09:48:12');
INSERT INTO `sn_chapter` VALUES (14, 1, '第13章-章节标题', '京华大学，华夏国最高学府，坐落于京华市中心之北，在历经数百年风风雨雨的洗礼后沉淀了丰厚的历史和文化底蕴，在全世界的高等学府中有着举足轻重的地位。能入京华，几乎是所有华夏学子的梦想和荣耀。', '2019-05-09 09:48:12');
INSERT INTO `sn_chapter` VALUES (15, 1, '第14章-章节标题', '京华大学，华夏国最高学府，坐落于京华市中心之北，在历经数百年风风雨雨的洗礼后沉淀了丰厚的历史和文化底蕴，在全世界的高等学府中有着举足轻重的地位。能入京华，几乎是所有华夏学子的梦想和荣耀。', '2019-05-09 09:48:13');
INSERT INTO `sn_chapter` VALUES (16, 1, '第15章-章节标题', '京华大学，华夏国最高学府，坐落于京华市中心之北，在历经数百年风风雨雨的洗礼后沉淀了丰厚的历史和文化底蕴，在全世界的高等学府中有着举足轻重的地位。能入京华，几乎是所有华夏学子的梦想和荣耀。', '2019-05-09 09:48:15');
INSERT INTO `sn_chapter` VALUES (17, 1, '第16章-章节标题', '京华大学，华夏国最高学府，坐落于京华市中心之北，在历经数百年风风雨雨的洗礼后沉淀了丰厚的历史和文化底蕴，在全世界的高等学府中有着举足轻重的地位。能入京华，几乎是所有华夏学子的梦想和荣耀。', '2019-05-09 09:48:16');
INSERT INTO `sn_chapter` VALUES (18, 1, '第17章-章节标题', '京华大学，华夏国最高学府，坐落于京华市中心之北，在历经数百年风风雨雨的洗礼后沉淀了丰厚的历史和文化底蕴，在全世界的高等学府中有着举足轻重的地位。能入京华，几乎是所有华夏学子的梦想和荣耀。', '2019-05-09 09:48:18');
INSERT INTO `sn_chapter` VALUES (19, 1, '第18章-章节标题', '京华大学，华夏国最高学府，坐落于京华市中心之北，在历经数百年风风雨雨的洗礼后沉淀了丰厚的历史和文化底蕴，在全世界的高等学府中有着举足轻重的地位。能入京华，几乎是所有华夏学子的梦想和荣耀。', '2019-05-09 09:49:28');
INSERT INTO `sn_chapter` VALUES (20, 1, '第19章-章节标题', '京华大学，华夏国最高学府，坐落于京华市中心之北，在历经数百年风风雨雨的洗礼后沉淀了丰厚的历史和文化底蕴，在全世界的高等学府中有着举足轻重的地位。能入京华，几乎是所有华夏学子的梦想和荣耀。', '2019-05-09 09:49:31');
INSERT INTO `sn_chapter` VALUES (21, 1, '第20章-章节标题', '京华大学，华夏国最高学府，坐落于京华市中心之北，在历经数百年风风雨雨的洗礼后沉淀了丰厚的历史和文化底蕴，在全世界的高等学府中有着举足轻重的地位。能入京华，几乎是所有华夏学子的梦想和荣耀。', '2019-05-09 09:49:33');
INSERT INTO `sn_chapter` VALUES (22, 1, '第21章-章节标题', '京华大学，华夏国最高学府，坐落于京华市中心之北，在历经数百年风风雨雨的洗礼后沉淀了丰厚的历史和文化底蕴，在全世界的高等学府中有着举足轻重的地位。能入京华，几乎是所有华夏学子的梦想和荣耀。', '2019-05-09 09:49:34');
INSERT INTO `sn_chapter` VALUES (23, 1, '第22章-章节标题', '京华大学，华夏国最高学府，坐落于京华市中心之北，在历经数百年风风雨雨的洗礼后沉淀了丰厚的历史和文化底蕴，在全世界的高等学府中有着举足轻重的地位。能入京华，几乎是所有华夏学子的梦想和荣耀。', '2019-05-09 09:49:36');
INSERT INTO `sn_chapter` VALUES (24, 1, '第23章-章节标题', '京华大学，华夏国最高学府，坐落于京华市中心之北，在历经数百年风风雨雨的洗礼后沉淀了丰厚的历史和文化底蕴，在全世界的高等学府中有着举足轻重的地位。能入京华，几乎是所有华夏学子的梦想和荣耀。', '2019-05-09 09:49:37');
INSERT INTO `sn_chapter` VALUES (25, 1, '第24章-章节标题', '京华大学，华夏国最高学府，坐落于京华市中心之北，在历经数百年风风雨雨的洗礼后沉淀了丰厚的历史和文化底蕴，在全世界的高等学府中有着举足轻重的地位。能入京华，几乎是所有华夏学子的梦想和荣耀。', '2019-05-09 09:49:38');
INSERT INTO `sn_chapter` VALUES (26, 1, '第25章-章节标题', '京华大学，华夏国最高学府，坐落于京华市中心之北，在历经数百年风风雨雨的洗礼后沉淀了丰厚的历史和文化底蕴，在全世界的高等学府中有着举足轻重的地位。能入京华，几乎是所有华夏学子的梦想和荣耀。', '2019-05-09 09:49:43');
INSERT INTO `sn_chapter` VALUES (27, 1, '第26章-章节标题', '京华大学，华夏国最高学府，坐落于京华市中心之北，在历经数百年风风雨雨的洗礼后沉淀了丰厚的历史和文化底蕴，在全世界的高等学府中有着举足轻重的地位。能入京华，几乎是所有华夏学子的梦想和荣耀。', '2019-05-09 09:49:45');
INSERT INTO `sn_chapter` VALUES (28, 1, '第27章-章节标题', '京华大学，华夏国最高学府，坐落于京华市中心之北，在历经数百年风风雨雨的洗礼后沉淀了丰厚的历史和文化底蕴，在全世界的高等学府中有着举足轻重的地位。能入京华，几乎是所有华夏学子的梦想和荣耀。', '2019-05-09 09:49:47');
INSERT INTO `sn_chapter` VALUES (29, 1, '第28章-章节标题', '京华大学，华夏国最高学府，坐落于京华市中心之北，在历经数百年风风雨雨的洗礼后沉淀了丰厚的历史和文化底蕴，在全世界的高等学府中有着举足轻重的地位。能入京华，几乎是所有华夏学子的梦想和荣耀。', '2019-05-09 09:49:50');
INSERT INTO `sn_chapter` VALUES (30, 1, '第29章-章节标题', '京华大学，华夏国最高学府，坐落于京华市中心之北，在历经数百年风风雨雨的洗礼后沉淀了丰厚的历史和文化底蕴，在全世界的高等学府中有着举足轻重的地位。能入京华，几乎是所有华夏学子的梦想和荣耀。', '2019-05-09 09:49:52');
INSERT INTO `sn_chapter` VALUES (31, 1, '第30章-章节标题', '京华大学，华夏国最高学府，坐落于京华市中心之北，在历经数百年风风雨雨的洗礼后沉淀了丰厚的历史和文化底蕴，在全世界的高等学府中有着举足轻重的地位。能入京华，几乎是所有华夏学子的梦想和荣耀。', '2019-05-09 09:49:55');
INSERT INTO `sn_chapter` VALUES (32, 1, '第31章-章节标题', '京华大学，华夏国最高学府，坐落于京华市中心之北，在历经数百年风风雨雨的洗礼后沉淀了丰厚的历史和文化底蕴，在全世界的高等学府中有着举足轻重的地位。能入京华，几乎是所有华夏学子的梦想和荣耀。', '2019-05-09 09:49:56');
INSERT INTO `sn_chapter` VALUES (33, 1, '第32章-章节标题', '京华大学，华夏国最高学府，坐落于京华市中心之北，在历经数百年风风雨雨的洗礼后沉淀了丰厚的历史和文化底蕴，在全世界的高等学府中有着举足轻重的地位。能入京华，几乎是所有华夏学子的梦想和荣耀。', '2019-05-09 09:49:56');
INSERT INTO `sn_chapter` VALUES (34, 1, '第33章-章节标题', '京华大学，华夏国最高学府，坐落于京华市中心之北，在历经数百年风风雨雨的洗礼后沉淀了丰厚的历史和文化底蕴，在全世界的高等学府中有着举足轻重的地位。能入京华，几乎是所有华夏学子的梦想和荣耀。', '2019-05-09 09:49:59');
INSERT INTO `sn_chapter` VALUES (35, 1, '第34章-章节标题', '京华大学，华夏国最高学府，坐落于京华市中心之北，在历经数百年风风雨雨的洗礼后沉淀了丰厚的历史和文化底蕴，在全世界的高等学府中有着举足轻重的地位。能入京华，几乎是所有华夏学子的梦想和荣耀。', '2019-05-09 09:50:00');
INSERT INTO `sn_chapter` VALUES (36, 1, '第35章-章节标题', '京华大学，华夏国最高学府，坐落于京华市中心之北，在历经数百年风风雨雨的洗礼后沉淀了丰厚的历史和文化底蕴，在全世界的高等学府中有着举足轻重的地位。能入京华，几乎是所有华夏学子的梦想和荣耀。', '2019-05-09 09:50:01');
INSERT INTO `sn_chapter` VALUES (37, 1, '第36章-章节标题', '京华大学，华夏国最高学府，坐落于京华市中心之北，在历经数百年风风雨雨的洗礼后沉淀了丰厚的历史和文化底蕴，在全世界的高等学府中有着举足轻重的地位。能入京华，几乎是所有华夏学子的梦想和荣耀。', '2019-05-09 09:50:07');
INSERT INTO `sn_chapter` VALUES (38, 1, '第37章-章节标题', '京华大学，华夏国最高学府，坐落于京华市中心之北，在历经数百年风风雨雨的洗礼后沉淀了丰厚的历史和文化底蕴，在全世界的高等学府中有着举足轻重的地位。能入京华，几乎是所有华夏学子的梦想和荣耀。', '2019-05-09 09:50:09');
INSERT INTO `sn_chapter` VALUES (39, 1, '第38章-章节标题', '京华大学，华夏国最高学府，坐落于京华市中心之北，在历经数百年风风雨雨的洗礼后沉淀了丰厚的历史和文化底蕴，在全世界的高等学府中有着举足轻重的地位。能入京华，几乎是所有华夏学子的梦想和荣耀。', '2019-05-09 09:50:10');
INSERT INTO `sn_chapter` VALUES (40, 1, '第39章-章节标题', '京华大学，华夏国最高学府，坐落于京华市中心之北，在历经数百年风风雨雨的洗礼后沉淀了丰厚的历史和文化底蕴，在全世界的高等学府中有着举足轻重的地位。能入京华，几乎是所有华夏学子的梦想和荣耀。', '2019-05-09 09:50:12');
INSERT INTO `sn_chapter` VALUES (41, 1, '第40章-章节标题', '京华大学，华夏国最高学府，坐落于京华市中心之北，在历经数百年风风雨雨的洗礼后沉淀了丰厚的历史和文化底蕴，在全世界的高等学府中有着举足轻重的地位。能入京华，几乎是所有华夏学子的梦想和荣耀。', '2019-05-09 09:50:15');
INSERT INTO `sn_chapter` VALUES (42, 1, '第41章-章节标题', '京华大学，华夏国最高学府，坐落于京华市中心之北，在历经数百年风风雨雨的洗礼后沉淀了丰厚的历史和文化底蕴，在全世界的高等学府中有着举足轻重的地位。能入京华，几乎是所有华夏学子的梦想和荣耀。', '2019-05-09 09:50:17');
INSERT INTO `sn_chapter` VALUES (43, 1, '第42章-章节标题', '京华大学，华夏国最高学府，坐落于京华市中心之北，在历经数百年风风雨雨的洗礼后沉淀了丰厚的历史和文化底蕴，在全世界的高等学府中有着举足轻重的地位。能入京华，几乎是所有华夏学子的梦想和荣耀。', '2019-05-09 09:50:18');
INSERT INTO `sn_chapter` VALUES (44, 1, '第43章-章节标题', '京华大学，华夏国最高学府，坐落于京华市中心之北，在历经数百年风风雨雨的洗礼后沉淀了丰厚的历史和文化底蕴，在全世界的高等学府中有着举足轻重的地位。能入京华，几乎是所有华夏学子的梦想和荣耀。', '2019-05-09 09:50:21');
INSERT INTO `sn_chapter` VALUES (45, 1, '第44章-章节标题', '京华大学，华夏国最高学府，坐落于京华市中心之北，在历经数百年风风雨雨的洗礼后沉淀了丰厚的历史和文化底蕴，在全世界的高等学府中有着举足轻重的地位。能入京华，几乎是所有华夏学子的梦想和荣耀。', '2019-05-09 09:50:22');
INSERT INTO `sn_chapter` VALUES (46, 1, '第45章-章节标题', '京华大学，华夏国最高学府，坐落于京华市中心之北，在历经数百年风风雨雨的洗礼后沉淀了丰厚的历史和文化底蕴，在全世界的高等学府中有着举足轻重的地位。能入京华，几乎是所有华夏学子的梦想和荣耀。', '2019-05-09 09:50:25');
INSERT INTO `sn_chapter` VALUES (47, 1, '第46章-章节标题', '京华大学，华夏国最高学府，坐落于京华市中心之北，在历经数百年风风雨雨的洗礼后沉淀了丰厚的历史和文化底蕴，在全世界的高等学府中有着举足轻重的地位。能入京华，几乎是所有华夏学子的梦想和荣耀。', '2019-05-09 09:50:26');
INSERT INTO `sn_chapter` VALUES (48, 1, '第47章-章节标题', '京华大学，华夏国最高学府，坐落于京华市中心之北，在历经数百年风风雨雨的洗礼后沉淀了丰厚的历史和文化底蕴，在全世界的高等学府中有着举足轻重的地位。能入京华，几乎是所有华夏学子的梦想和荣耀。', '2019-05-09 09:50:28');
INSERT INTO `sn_chapter` VALUES (49, 1, '第48章-章节标题', '京华大学，华夏国最高学府，坐落于京华市中心之北，在历经数百年风风雨雨的洗礼后沉淀了丰厚的历史和文化底蕴，在全世界的高等学府中有着举足轻重的地位。能入京华，几乎是所有华夏学子的梦想和荣耀。', '2019-05-09 09:50:30');
INSERT INTO `sn_chapter` VALUES (50, 1, '第49章-章节标题', '京华大学，华夏国最高学府，坐落于京华市中心之北，在历经数百年风风雨雨的洗礼后沉淀了丰厚的历史和文化底蕴，在全世界的高等学府中有着举足轻重的地位。能入京华，几乎是所有华夏学子的梦想和荣耀。', '2019-05-09 09:50:32');
INSERT INTO `sn_chapter` VALUES (374, 1, '第1章-章节标题', '京华大学，华夏国最高学府，坐落于京华市中心之北，在历经数百年风风雨雨的洗礼后沉淀了丰厚的历史和文化底蕴，在全世界的高等学府中有着举足轻重的地位。能入京华，几乎是所有华夏学子的梦想和荣耀。', '2019-05-09 12:40:21');
INSERT INTO `sn_chapter` VALUES (375, 1, '第2章-章节标题', '京华大学，华夏国最高学府，坐落于京华市中心之北，在历经数百年风风雨雨的洗礼后沉淀了丰厚的历史和文化底蕴，在全世界的高等学府中有着举足轻重的地位。能入京华，几乎是所有华夏学子的梦想和荣耀。', '2019-05-09 12:40:22');
INSERT INTO `sn_chapter` VALUES (376, 1, '第3章-章节标题', '京华大学，华夏国最高学府，坐落于京华市中心之北，在历经数百年风风雨雨的洗礼后沉淀了丰厚的历史和文化底蕴，在全世界的高等学府中有着举足轻重的地位。能入京华，几乎是所有华夏学子的梦想和荣耀。', '2019-05-09 12:40:22');
INSERT INTO `sn_chapter` VALUES (377, 1, '第4章-章节标题', '京华大学，华夏国最高学府，坐落于京华市中心之北，在历经数百年风风雨雨的洗礼后沉淀了丰厚的历史和文化底蕴，在全世界的高等学府中有着举足轻重的地位。能入京华，几乎是所有华夏学子的梦想和荣耀。', '2019-05-09 12:40:22');
INSERT INTO `sn_chapter` VALUES (378, 1, '第5章-章节标题', '京华大学，华夏国最高学府，坐落于京华市中心之北，在历经数百年风风雨雨的洗礼后沉淀了丰厚的历史和文化底蕴，在全世界的高等学府中有着举足轻重的地位。能入京华，几乎是所有华夏学子的梦想和荣耀。', '2019-05-09 12:40:22');
INSERT INTO `sn_chapter` VALUES (379, 1, '第6章-章节标题', '京华大学，华夏国最高学府，坐落于京华市中心之北，在历经数百年风风雨雨的洗礼后沉淀了丰厚的历史和文化底蕴，在全世界的高等学府中有着举足轻重的地位。能入京华，几乎是所有华夏学子的梦想和荣耀。', '2019-05-09 12:40:23');
INSERT INTO `sn_chapter` VALUES (380, 1, '第7章-章节标题', '京华大学，华夏国最高学府，坐落于京华市中心之北，在历经数百年风风雨雨的洗礼后沉淀了丰厚的历史和文化底蕴，在全世界的高等学府中有着举足轻重的地位。能入京华，几乎是所有华夏学子的梦想和荣耀。', '2019-05-09 12:40:23');
INSERT INTO `sn_chapter` VALUES (381, 1, '第8章-章节标题', '京华大学，华夏国最高学府，坐落于京华市中心之北，在历经数百年风风雨雨的洗礼后沉淀了丰厚的历史和文化底蕴，在全世界的高等学府中有着举足轻重的地位。能入京华，几乎是所有华夏学子的梦想和荣耀。', '2019-05-09 12:40:23');
INSERT INTO `sn_chapter` VALUES (382, 1, '第9章-章节标题', '京华大学，华夏国最高学府，坐落于京华市中心之北，在历经数百年风风雨雨的洗礼后沉淀了丰厚的历史和文化底蕴，在全世界的高等学府中有着举足轻重的地位。能入京华，几乎是所有华夏学子的梦想和荣耀。', '2019-05-09 12:40:24');
INSERT INTO `sn_chapter` VALUES (383, 1, '第10章-章节标题', '京华大学，华夏国最高学府，坐落于京华市中心之北，在历经数百年风风雨雨的洗礼后沉淀了丰厚的历史和文化底蕴，在全世界的高等学府中有着举足轻重的地位。能入京华，几乎是所有华夏学子的梦想和荣耀。', '2019-05-09 12:40:24');
INSERT INTO `sn_chapter` VALUES (384, 1, '第11章-章节标题', '京华大学，华夏国最高学府，坐落于京华市中心之北，在历经数百年风风雨雨的洗礼后沉淀了丰厚的历史和文化底蕴，在全世界的高等学府中有着举足轻重的地位。能入京华，几乎是所有华夏学子的梦想和荣耀。', '2019-05-09 12:40:24');
INSERT INTO `sn_chapter` VALUES (385, 1, '第12章-章节标题', '京华大学，华夏国最高学府，坐落于京华市中心之北，在历经数百年风风雨雨的洗礼后沉淀了丰厚的历史和文化底蕴，在全世界的高等学府中有着举足轻重的地位。能入京华，几乎是所有华夏学子的梦想和荣耀。', '2019-05-09 12:40:24');
INSERT INTO `sn_chapter` VALUES (386, 1, '第13章-章节标题', '京华大学，华夏国最高学府，坐落于京华市中心之北，在历经数百年风风雨雨的洗礼后沉淀了丰厚的历史和文化底蕴，在全世界的高等学府中有着举足轻重的地位。能入京华，几乎是所有华夏学子的梦想和荣耀。', '2019-05-09 12:40:25');
INSERT INTO `sn_chapter` VALUES (387, 1, '第14章-章节标题', '京华大学，华夏国最高学府，坐落于京华市中心之北，在历经数百年风风雨雨的洗礼后沉淀了丰厚的历史和文化底蕴，在全世界的高等学府中有着举足轻重的地位。能入京华，几乎是所有华夏学子的梦想和荣耀。', '2019-05-09 12:40:25');
INSERT INTO `sn_chapter` VALUES (388, 1, '第15章-章节标题', '京华大学，华夏国最高学府，坐落于京华市中心之北，在历经数百年风风雨雨的洗礼后沉淀了丰厚的历史和文化底蕴，在全世界的高等学府中有着举足轻重的地位。能入京华，几乎是所有华夏学子的梦想和荣耀。', '2019-05-09 12:40:25');
INSERT INTO `sn_chapter` VALUES (389, 1, '第16章-章节标题', '京华大学，华夏国最高学府，坐落于京华市中心之北，在历经数百年风风雨雨的洗礼后沉淀了丰厚的历史和文化底蕴，在全世界的高等学府中有着举足轻重的地位。能入京华，几乎是所有华夏学子的梦想和荣耀。', '2019-05-09 12:40:26');
INSERT INTO `sn_chapter` VALUES (390, 1, '第17章-章节标题', '京华大学，华夏国最高学府，坐落于京华市中心之北，在历经数百年风风雨雨的洗礼后沉淀了丰厚的历史和文化底蕴，在全世界的高等学府中有着举足轻重的地位。能入京华，几乎是所有华夏学子的梦想和荣耀。', '2019-05-09 12:40:26');
INSERT INTO `sn_chapter` VALUES (391, 1, '第18章-章节标题', '京华大学，华夏国最高学府，坐落于京华市中心之北，在历经数百年风风雨雨的洗礼后沉淀了丰厚的历史和文化底蕴，在全世界的高等学府中有着举足轻重的地位。能入京华，几乎是所有华夏学子的梦想和荣耀。', '2019-05-09 12:40:26');
INSERT INTO `sn_chapter` VALUES (392, 1, '第19章-章节标题', '京华大学，华夏国最高学府，坐落于京华市中心之北，在历经数百年风风雨雨的洗礼后沉淀了丰厚的历史和文化底蕴，在全世界的高等学府中有着举足轻重的地位。能入京华，几乎是所有华夏学子的梦想和荣耀。', '2019-05-09 12:40:26');
INSERT INTO `sn_chapter` VALUES (393, 1, '第20章-章节标题', '京华大学，华夏国最高学府，坐落于京华市中心之北，在历经数百年风风雨雨的洗礼后沉淀了丰厚的历史和文化底蕴，在全世界的高等学府中有着举足轻重的地位。能入京华，几乎是所有华夏学子的梦想和荣耀。', '2019-05-09 12:40:27');
INSERT INTO `sn_chapter` VALUES (394, 1, '第21章-章节标题', '京华大学，华夏国最高学府，坐落于京华市中心之北，在历经数百年风风雨雨的洗礼后沉淀了丰厚的历史和文化底蕴，在全世界的高等学府中有着举足轻重的地位。能入京华，几乎是所有华夏学子的梦想和荣耀。', '2019-05-09 12:40:27');
INSERT INTO `sn_chapter` VALUES (395, 1, '第22章-章节标题', '京华大学，华夏国最高学府，坐落于京华市中心之北，在历经数百年风风雨雨的洗礼后沉淀了丰厚的历史和文化底蕴，在全世界的高等学府中有着举足轻重的地位。能入京华，几乎是所有华夏学子的梦想和荣耀。', '2019-05-09 12:40:27');
INSERT INTO `sn_chapter` VALUES (396, 1, '第23章-章节标题', '京华大学，华夏国最高学府，坐落于京华市中心之北，在历经数百年风风雨雨的洗礼后沉淀了丰厚的历史和文化底蕴，在全世界的高等学府中有着举足轻重的地位。能入京华，几乎是所有华夏学子的梦想和荣耀。', '2019-05-09 12:40:28');
INSERT INTO `sn_chapter` VALUES (397, 1, '第24章-章节标题', '京华大学，华夏国最高学府，坐落于京华市中心之北，在历经数百年风风雨雨的洗礼后沉淀了丰厚的历史和文化底蕴，在全世界的高等学府中有着举足轻重的地位。能入京华，几乎是所有华夏学子的梦想和荣耀。', '2019-05-09 12:40:28');
INSERT INTO `sn_chapter` VALUES (398, 1, '第25章-章节标题', '京华大学，华夏国最高学府，坐落于京华市中心之北，在历经数百年风风雨雨的洗礼后沉淀了丰厚的历史和文化底蕴，在全世界的高等学府中有着举足轻重的地位。能入京华，几乎是所有华夏学子的梦想和荣耀。', '2019-05-09 12:40:28');
INSERT INTO `sn_chapter` VALUES (399, 1, '第26章-章节标题', '京华大学，华夏国最高学府，坐落于京华市中心之北，在历经数百年风风雨雨的洗礼后沉淀了丰厚的历史和文化底蕴，在全世界的高等学府中有着举足轻重的地位。能入京华，几乎是所有华夏学子的梦想和荣耀。', '2019-05-09 12:40:28');
INSERT INTO `sn_chapter` VALUES (400, 1, '第27章-章节标题', '京华大学，华夏国最高学府，坐落于京华市中心之北，在历经数百年风风雨雨的洗礼后沉淀了丰厚的历史和文化底蕴，在全世界的高等学府中有着举足轻重的地位。能入京华，几乎是所有华夏学子的梦想和荣耀。', '2019-05-09 12:40:29');
INSERT INTO `sn_chapter` VALUES (401, 1, '第28章-章节标题', '京华大学，华夏国最高学府，坐落于京华市中心之北，在历经数百年风风雨雨的洗礼后沉淀了丰厚的历史和文化底蕴，在全世界的高等学府中有着举足轻重的地位。能入京华，几乎是所有华夏学子的梦想和荣耀。', '2019-05-09 12:40:29');
INSERT INTO `sn_chapter` VALUES (402, 1, '第29章-章节标题', '京华大学，华夏国最高学府，坐落于京华市中心之北，在历经数百年风风雨雨的洗礼后沉淀了丰厚的历史和文化底蕴，在全世界的高等学府中有着举足轻重的地位。能入京华，几乎是所有华夏学子的梦想和荣耀。', '2019-05-09 12:40:29');
INSERT INTO `sn_chapter` VALUES (403, 1, '第30章-章节标题', '京华大学，华夏国最高学府，坐落于京华市中心之北，在历经数百年风风雨雨的洗礼后沉淀了丰厚的历史和文化底蕴，在全世界的高等学府中有着举足轻重的地位。能入京华，几乎是所有华夏学子的梦想和荣耀。', '2019-05-09 12:40:30');
INSERT INTO `sn_chapter` VALUES (404, 1, '第31章-章节标题', '京华大学，华夏国最高学府，坐落于京华市中心之北，在历经数百年风风雨雨的洗礼后沉淀了丰厚的历史和文化底蕴，在全世界的高等学府中有着举足轻重的地位。能入京华，几乎是所有华夏学子的梦想和荣耀。', '2019-05-09 12:40:30');
INSERT INTO `sn_chapter` VALUES (405, 1, '第32章-章节标题', '京华大学，华夏国最高学府，坐落于京华市中心之北，在历经数百年风风雨雨的洗礼后沉淀了丰厚的历史和文化底蕴，在全世界的高等学府中有着举足轻重的地位。能入京华，几乎是所有华夏学子的梦想和荣耀。', '2019-05-09 12:40:30');
INSERT INTO `sn_chapter` VALUES (406, 1, '第33章-章节标题', '京华大学，华夏国最高学府，坐落于京华市中心之北，在历经数百年风风雨雨的洗礼后沉淀了丰厚的历史和文化底蕴，在全世界的高等学府中有着举足轻重的地位。能入京华，几乎是所有华夏学子的梦想和荣耀。', '2019-05-09 12:40:30');
INSERT INTO `sn_chapter` VALUES (407, 1, '第34章-章节标题', '京华大学，华夏国最高学府，坐落于京华市中心之北，在历经数百年风风雨雨的洗礼后沉淀了丰厚的历史和文化底蕴，在全世界的高等学府中有着举足轻重的地位。能入京华，几乎是所有华夏学子的梦想和荣耀。', '2019-05-09 12:40:31');
INSERT INTO `sn_chapter` VALUES (408, 1, '第35章-章节标题', '京华大学，华夏国最高学府，坐落于京华市中心之北，在历经数百年风风雨雨的洗礼后沉淀了丰厚的历史和文化底蕴，在全世界的高等学府中有着举足轻重的地位。能入京华，几乎是所有华夏学子的梦想和荣耀。', '2019-05-09 12:40:31');
INSERT INTO `sn_chapter` VALUES (409, 1, '第36章-章节标题', '京华大学，华夏国最高学府，坐落于京华市中心之北，在历经数百年风风雨雨的洗礼后沉淀了丰厚的历史和文化底蕴，在全世界的高等学府中有着举足轻重的地位。能入京华，几乎是所有华夏学子的梦想和荣耀。', '2019-05-09 12:40:31');
INSERT INTO `sn_chapter` VALUES (410, 1, '第37章-章节标题', '京华大学，华夏国最高学府，坐落于京华市中心之北，在历经数百年风风雨雨的洗礼后沉淀了丰厚的历史和文化底蕴，在全世界的高等学府中有着举足轻重的地位。能入京华，几乎是所有华夏学子的梦想和荣耀。', '2019-05-09 12:40:31');
INSERT INTO `sn_chapter` VALUES (411, 1, '第38章-章节标题', '京华大学，华夏国最高学府，坐落于京华市中心之北，在历经数百年风风雨雨的洗礼后沉淀了丰厚的历史和文化底蕴，在全世界的高等学府中有着举足轻重的地位。能入京华，几乎是所有华夏学子的梦想和荣耀。', '2019-05-09 12:40:32');
INSERT INTO `sn_chapter` VALUES (412, 1, '第39章-章节标题', '京华大学，华夏国最高学府，坐落于京华市中心之北，在历经数百年风风雨雨的洗礼后沉淀了丰厚的历史和文化底蕴，在全世界的高等学府中有着举足轻重的地位。能入京华，几乎是所有华夏学子的梦想和荣耀。', '2019-05-09 12:40:32');
INSERT INTO `sn_chapter` VALUES (413, 1, '第40章-章节标题', '京华大学，华夏国最高学府，坐落于京华市中心之北，在历经数百年风风雨雨的洗礼后沉淀了丰厚的历史和文化底蕴，在全世界的高等学府中有着举足轻重的地位。能入京华，几乎是所有华夏学子的梦想和荣耀。', '2019-05-09 12:40:32');
INSERT INTO `sn_chapter` VALUES (414, 1, '第41章-章节标题', '京华大学，华夏国最高学府，坐落于京华市中心之北，在历经数百年风风雨雨的洗礼后沉淀了丰厚的历史和文化底蕴，在全世界的高等学府中有着举足轻重的地位。能入京华，几乎是所有华夏学子的梦想和荣耀。', '2019-05-09 12:40:33');
INSERT INTO `sn_chapter` VALUES (415, 1, '第42章-章节标题', '京华大学，华夏国最高学府，坐落于京华市中心之北，在历经数百年风风雨雨的洗礼后沉淀了丰厚的历史和文化底蕴，在全世界的高等学府中有着举足轻重的地位。能入京华，几乎是所有华夏学子的梦想和荣耀。', '2019-05-09 12:40:33');
INSERT INTO `sn_chapter` VALUES (416, 1, '第43章-章节标题', '京华大学，华夏国最高学府，坐落于京华市中心之北，在历经数百年风风雨雨的洗礼后沉淀了丰厚的历史和文化底蕴，在全世界的高等学府中有着举足轻重的地位。能入京华，几乎是所有华夏学子的梦想和荣耀。', '2019-05-09 12:40:33');
INSERT INTO `sn_chapter` VALUES (417, 1, '第44章-章节标题', '京华大学，华夏国最高学府，坐落于京华市中心之北，在历经数百年风风雨雨的洗礼后沉淀了丰厚的历史和文化底蕴，在全世界的高等学府中有着举足轻重的地位。能入京华，几乎是所有华夏学子的梦想和荣耀。', '2019-05-09 12:40:33');
INSERT INTO `sn_chapter` VALUES (418, 1, '第45章-章节标题', '京华大学，华夏国最高学府，坐落于京华市中心之北，在历经数百年风风雨雨的洗礼后沉淀了丰厚的历史和文化底蕴，在全世界的高等学府中有着举足轻重的地位。能入京华，几乎是所有华夏学子的梦想和荣耀。', '2019-05-09 12:40:34');
INSERT INTO `sn_chapter` VALUES (419, 1, '第46章-章节标题', '京华大学，华夏国最高学府，坐落于京华市中心之北，在历经数百年风风雨雨的洗礼后沉淀了丰厚的历史和文化底蕴，在全世界的高等学府中有着举足轻重的地位。能入京华，几乎是所有华夏学子的梦想和荣耀。', '2019-05-09 12:40:34');
INSERT INTO `sn_chapter` VALUES (420, 1, '第47章-章节标题', '京华大学，华夏国最高学府，坐落于京华市中心之北，在历经数百年风风雨雨的洗礼后沉淀了丰厚的历史和文化底蕴，在全世界的高等学府中有着举足轻重的地位。能入京华，几乎是所有华夏学子的梦想和荣耀。', '2019-05-09 12:40:34');
INSERT INTO `sn_chapter` VALUES (421, 1, '第48章-章节标题', '京华大学，华夏国最高学府，坐落于京华市中心之北，在历经数百年风风雨雨的洗礼后沉淀了丰厚的历史和文化底蕴，在全世界的高等学府中有着举足轻重的地位。能入京华，几乎是所有华夏学子的梦想和荣耀。', '2019-05-09 12:40:34');
INSERT INTO `sn_chapter` VALUES (422, 1, '第49章-章节标题', '京华大学，华夏国最高学府，坐落于京华市中心之北，在历经数百年风风雨雨的洗礼后沉淀了丰厚的历史和文化底蕴，在全世界的高等学府中有着举足轻重的地位。能入京华，几乎是所有华夏学子的梦想和荣耀。', '2019-05-09 12:40:35');
INSERT INTO `sn_chapter` VALUES (423, 1, '第50章-章节标题', '京华大学，华夏国最高学府，坐落于京华市中心之北，在历经数百年风风雨雨的洗礼后沉淀了丰厚的历史和文化底蕴，在全世界的高等学府中有着举足轻重的地位。能入京华，几乎是所有华夏学子的梦想和荣耀。', '2019-05-09 12:40:35');
INSERT INTO `sn_chapter` VALUES (424, 1, '风华绝代', '京华大学，华夏国最高学府，坐落于京华市中心之北，在历经数百年风风雨雨的洗礼后沉淀了丰厚的历史和文化底蕴，在全世界的高等学府中有着举足轻重的地位。能入京华，几乎是所有华夏学子的梦想和荣耀。', '2019-05-09 12:40:38');
INSERT INTO `sn_chapter` VALUES (425, 1, '第1章-章节标题', '京华大学，华夏国最高学府，坐落于京华市中心之北，在历经数百年风风雨雨的洗礼后沉淀了丰厚的历史和文化底蕴，在全世界的高等学府中有着举足轻重的地位。能入京华，几乎是所有华夏学子的梦想和荣耀。', '2019-05-13 14:20:23');
INSERT INTO `sn_chapter` VALUES (426, 1, '第2章-章节标题', '京华大学，华夏国最高学府，坐落于京华市中心之北，在历经数百年风风雨雨的洗礼后沉淀了丰厚的历史和文化底蕴，在全世界的高等学府中有着举足轻重的地位。能入京华，几乎是所有华夏学子的梦想和荣耀。', '2019-05-13 14:20:23');
INSERT INTO `sn_chapter` VALUES (427, 1, '第3章-章节标题', '京华大学，华夏国最高学府，坐落于京华市中心之北，在历经数百年风风雨雨的洗礼后沉淀了丰厚的历史和文化底蕴，在全世界的高等学府中有着举足轻重的地位。能入京华，几乎是所有华夏学子的梦想和荣耀。', '2019-05-13 14:20:24');
INSERT INTO `sn_chapter` VALUES (428, 1, '第4章-章节标题', '京华大学，华夏国最高学府，坐落于京华市中心之北，在历经数百年风风雨雨的洗礼后沉淀了丰厚的历史和文化底蕴，在全世界的高等学府中有着举足轻重的地位。能入京华，几乎是所有华夏学子的梦想和荣耀。', '2019-05-13 14:20:24');
INSERT INTO `sn_chapter` VALUES (429, 1, '第5章-章节标题', '京华大学，华夏国最高学府，坐落于京华市中心之北，在历经数百年风风雨雨的洗礼后沉淀了丰厚的历史和文化底蕴，在全世界的高等学府中有着举足轻重的地位。能入京华，几乎是所有华夏学子的梦想和荣耀。', '2019-05-13 14:20:24');
INSERT INTO `sn_chapter` VALUES (430, 1, '第6章-章节标题', '京华大学，华夏国最高学府，坐落于京华市中心之北，在历经数百年风风雨雨的洗礼后沉淀了丰厚的历史和文化底蕴，在全世界的高等学府中有着举足轻重的地位。能入京华，几乎是所有华夏学子的梦想和荣耀。', '2019-05-13 14:20:24');
INSERT INTO `sn_chapter` VALUES (431, 1, '第7章-章节标题', '京华大学，华夏国最高学府，坐落于京华市中心之北，在历经数百年风风雨雨的洗礼后沉淀了丰厚的历史和文化底蕴，在全世界的高等学府中有着举足轻重的地位。能入京华，几乎是所有华夏学子的梦想和荣耀。', '2019-05-13 14:20:25');
INSERT INTO `sn_chapter` VALUES (432, 1, '第8章-章节标题', '京华大学，华夏国最高学府，坐落于京华市中心之北，在历经数百年风风雨雨的洗礼后沉淀了丰厚的历史和文化底蕴，在全世界的高等学府中有着举足轻重的地位。能入京华，几乎是所有华夏学子的梦想和荣耀。', '2019-05-13 14:20:25');
INSERT INTO `sn_chapter` VALUES (433, 1, '第9章-章节标题', '京华大学，华夏国最高学府，坐落于京华市中心之北，在历经数百年风风雨雨的洗礼后沉淀了丰厚的历史和文化底蕴，在全世界的高等学府中有着举足轻重的地位。能入京华，几乎是所有华夏学子的梦想和荣耀。', '2019-05-13 14:20:25');
INSERT INTO `sn_chapter` VALUES (434, 1, '第10章-章节标题', '京华大学，华夏国最高学府，坐落于京华市中心之北，在历经数百年风风雨雨的洗礼后沉淀了丰厚的历史和文化底蕴，在全世界的高等学府中有着举足轻重的地位。能入京华，几乎是所有华夏学子的梦想和荣耀。', '2019-05-13 14:20:25');
INSERT INTO `sn_chapter` VALUES (435, 1, '第11章-章节标题', '京华大学，华夏国最高学府，坐落于京华市中心之北，在历经数百年风风雨雨的洗礼后沉淀了丰厚的历史和文化底蕴，在全世界的高等学府中有着举足轻重的地位。能入京华，几乎是所有华夏学子的梦想和荣耀。', '2019-05-13 14:20:26');
INSERT INTO `sn_chapter` VALUES (436, 1, '第12章-章节标题', '京华大学，华夏国最高学府，坐落于京华市中心之北，在历经数百年风风雨雨的洗礼后沉淀了丰厚的历史和文化底蕴，在全世界的高等学府中有着举足轻重的地位。能入京华，几乎是所有华夏学子的梦想和荣耀。', '2019-05-13 14:20:26');
INSERT INTO `sn_chapter` VALUES (437, 1, '第13章-章节标题', '京华大学，华夏国最高学府，坐落于京华市中心之北，在历经数百年风风雨雨的洗礼后沉淀了丰厚的历史和文化底蕴，在全世界的高等学府中有着举足轻重的地位。能入京华，几乎是所有华夏学子的梦想和荣耀。', '2019-05-13 14:20:26');
INSERT INTO `sn_chapter` VALUES (438, 1, '第14章-章节标题', '京华大学，华夏国最高学府，坐落于京华市中心之北，在历经数百年风风雨雨的洗礼后沉淀了丰厚的历史和文化底蕴，在全世界的高等学府中有着举足轻重的地位。能入京华，几乎是所有华夏学子的梦想和荣耀。', '2019-05-13 14:20:27');
INSERT INTO `sn_chapter` VALUES (439, 1, '第15章-章节标题', '京华大学，华夏国最高学府，坐落于京华市中心之北，在历经数百年风风雨雨的洗礼后沉淀了丰厚的历史和文化底蕴，在全世界的高等学府中有着举足轻重的地位。能入京华，几乎是所有华夏学子的梦想和荣耀。', '2019-05-13 14:20:27');
INSERT INTO `sn_chapter` VALUES (440, 1, '第16章-章节标题', '京华大学，华夏国最高学府，坐落于京华市中心之北，在历经数百年风风雨雨的洗礼后沉淀了丰厚的历史和文化底蕴，在全世界的高等学府中有着举足轻重的地位。能入京华，几乎是所有华夏学子的梦想和荣耀。', '2019-05-13 14:20:27');
INSERT INTO `sn_chapter` VALUES (441, 1, '第17章-章节标题', '京华大学，华夏国最高学府，坐落于京华市中心之北，在历经数百年风风雨雨的洗礼后沉淀了丰厚的历史和文化底蕴，在全世界的高等学府中有着举足轻重的地位。能入京华，几乎是所有华夏学子的梦想和荣耀。', '2019-05-13 14:20:27');
INSERT INTO `sn_chapter` VALUES (442, 1, '第18章-章节标题', '京华大学，华夏国最高学府，坐落于京华市中心之北，在历经数百年风风雨雨的洗礼后沉淀了丰厚的历史和文化底蕴，在全世界的高等学府中有着举足轻重的地位。能入京华，几乎是所有华夏学子的梦想和荣耀。', '2019-05-13 14:20:28');
INSERT INTO `sn_chapter` VALUES (443, 1, '第19章-章节标题', '京华大学，华夏国最高学府，坐落于京华市中心之北，在历经数百年风风雨雨的洗礼后沉淀了丰厚的历史和文化底蕴，在全世界的高等学府中有着举足轻重的地位。能入京华，几乎是所有华夏学子的梦想和荣耀。', '2019-05-13 14:20:28');
INSERT INTO `sn_chapter` VALUES (444, 1, '第20章-章节标题', '京华大学，华夏国最高学府，坐落于京华市中心之北，在历经数百年风风雨雨的洗礼后沉淀了丰厚的历史和文化底蕴，在全世界的高等学府中有着举足轻重的地位。能入京华，几乎是所有华夏学子的梦想和荣耀。', '2019-05-13 14:20:28');
INSERT INTO `sn_chapter` VALUES (445, 1, '第21章-章节标题', '京华大学，华夏国最高学府，坐落于京华市中心之北，在历经数百年风风雨雨的洗礼后沉淀了丰厚的历史和文化底蕴，在全世界的高等学府中有着举足轻重的地位。能入京华，几乎是所有华夏学子的梦想和荣耀。', '2019-05-13 14:20:28');
INSERT INTO `sn_chapter` VALUES (446, 1, '第22章-章节标题', '京华大学，华夏国最高学府，坐落于京华市中心之北，在历经数百年风风雨雨的洗礼后沉淀了丰厚的历史和文化底蕴，在全世界的高等学府中有着举足轻重的地位。能入京华，几乎是所有华夏学子的梦想和荣耀。', '2019-05-13 14:20:29');
INSERT INTO `sn_chapter` VALUES (447, 1, '第23章-章节标题', '京华大学，华夏国最高学府，坐落于京华市中心之北，在历经数百年风风雨雨的洗礼后沉淀了丰厚的历史和文化底蕴，在全世界的高等学府中有着举足轻重的地位。能入京华，几乎是所有华夏学子的梦想和荣耀。', '2019-05-13 14:20:29');
INSERT INTO `sn_chapter` VALUES (448, 1, '第24章-章节标题', '京华大学，华夏国最高学府，坐落于京华市中心之北，在历经数百年风风雨雨的洗礼后沉淀了丰厚的历史和文化底蕴，在全世界的高等学府中有着举足轻重的地位。能入京华，几乎是所有华夏学子的梦想和荣耀。', '2019-05-13 14:20:29');
INSERT INTO `sn_chapter` VALUES (449, 1, '第25章-章节标题', '京华大学，华夏国最高学府，坐落于京华市中心之北，在历经数百年风风雨雨的洗礼后沉淀了丰厚的历史和文化底蕴，在全世界的高等学府中有着举足轻重的地位。能入京华，几乎是所有华夏学子的梦想和荣耀。', '2019-05-13 14:20:30');
INSERT INTO `sn_chapter` VALUES (450, 1, '第26章-章节标题', '京华大学，华夏国最高学府，坐落于京华市中心之北，在历经数百年风风雨雨的洗礼后沉淀了丰厚的历史和文化底蕴，在全世界的高等学府中有着举足轻重的地位。能入京华，几乎是所有华夏学子的梦想和荣耀。', '2019-05-13 14:20:30');
INSERT INTO `sn_chapter` VALUES (451, 1, '第27章-章节标题', '京华大学，华夏国最高学府，坐落于京华市中心之北，在历经数百年风风雨雨的洗礼后沉淀了丰厚的历史和文化底蕴，在全世界的高等学府中有着举足轻重的地位。能入京华，几乎是所有华夏学子的梦想和荣耀。', '2019-05-13 14:20:30');
INSERT INTO `sn_chapter` VALUES (452, 1, '第28章-章节标题', '京华大学，华夏国最高学府，坐落于京华市中心之北，在历经数百年风风雨雨的洗礼后沉淀了丰厚的历史和文化底蕴，在全世界的高等学府中有着举足轻重的地位。能入京华，几乎是所有华夏学子的梦想和荣耀。', '2019-05-13 14:20:30');
INSERT INTO `sn_chapter` VALUES (453, 1, '第29章-章节标题', '京华大学，华夏国最高学府，坐落于京华市中心之北，在历经数百年风风雨雨的洗礼后沉淀了丰厚的历史和文化底蕴，在全世界的高等学府中有着举足轻重的地位。能入京华，几乎是所有华夏学子的梦想和荣耀。', '2019-05-13 14:20:31');
INSERT INTO `sn_chapter` VALUES (454, 1, '第30章-章节标题', '京华大学，华夏国最高学府，坐落于京华市中心之北，在历经数百年风风雨雨的洗礼后沉淀了丰厚的历史和文化底蕴，在全世界的高等学府中有着举足轻重的地位。能入京华，几乎是所有华夏学子的梦想和荣耀。', '2019-05-13 14:20:31');
INSERT INTO `sn_chapter` VALUES (455, 1, '第31章-章节标题', '京华大学，华夏国最高学府，坐落于京华市中心之北，在历经数百年风风雨雨的洗礼后沉淀了丰厚的历史和文化底蕴，在全世界的高等学府中有着举足轻重的地位。能入京华，几乎是所有华夏学子的梦想和荣耀。', '2019-05-13 14:20:31');
INSERT INTO `sn_chapter` VALUES (456, 1, '第32章-章节标题', '京华大学，华夏国最高学府，坐落于京华市中心之北，在历经数百年风风雨雨的洗礼后沉淀了丰厚的历史和文化底蕴，在全世界的高等学府中有着举足轻重的地位。能入京华，几乎是所有华夏学子的梦想和荣耀。', '2019-05-13 14:20:32');
INSERT INTO `sn_chapter` VALUES (457, 1, '第33章-章节标题', '京华大学，华夏国最高学府，坐落于京华市中心之北，在历经数百年风风雨雨的洗礼后沉淀了丰厚的历史和文化底蕴，在全世界的高等学府中有着举足轻重的地位。能入京华，几乎是所有华夏学子的梦想和荣耀。', '2019-05-13 14:20:32');
INSERT INTO `sn_chapter` VALUES (458, 1, '第34章-章节标题', '京华大学，华夏国最高学府，坐落于京华市中心之北，在历经数百年风风雨雨的洗礼后沉淀了丰厚的历史和文化底蕴，在全世界的高等学府中有着举足轻重的地位。能入京华，几乎是所有华夏学子的梦想和荣耀。', '2019-05-13 14:20:32');
INSERT INTO `sn_chapter` VALUES (459, 1, '第35章-章节标题', '京华大学，华夏国最高学府，坐落于京华市中心之北，在历经数百年风风雨雨的洗礼后沉淀了丰厚的历史和文化底蕴，在全世界的高等学府中有着举足轻重的地位。能入京华，几乎是所有华夏学子的梦想和荣耀。', '2019-05-13 14:20:32');
INSERT INTO `sn_chapter` VALUES (460, 1, '第36章-章节标题', '京华大学，华夏国最高学府，坐落于京华市中心之北，在历经数百年风风雨雨的洗礼后沉淀了丰厚的历史和文化底蕴，在全世界的高等学府中有着举足轻重的地位。能入京华，几乎是所有华夏学子的梦想和荣耀。', '2019-05-13 14:20:33');
INSERT INTO `sn_chapter` VALUES (461, 1, '第37章-章节标题', '京华大学，华夏国最高学府，坐落于京华市中心之北，在历经数百年风风雨雨的洗礼后沉淀了丰厚的历史和文化底蕴，在全世界的高等学府中有着举足轻重的地位。能入京华，几乎是所有华夏学子的梦想和荣耀。', '2019-05-13 14:20:33');
INSERT INTO `sn_chapter` VALUES (462, 1, '第38章-章节标题', '京华大学，华夏国最高学府，坐落于京华市中心之北，在历经数百年风风雨雨的洗礼后沉淀了丰厚的历史和文化底蕴，在全世界的高等学府中有着举足轻重的地位。能入京华，几乎是所有华夏学子的梦想和荣耀。', '2019-05-13 14:20:33');
INSERT INTO `sn_chapter` VALUES (463, 1, '第39章-章节标题', '京华大学，华夏国最高学府，坐落于京华市中心之北，在历经数百年风风雨雨的洗礼后沉淀了丰厚的历史和文化底蕴，在全世界的高等学府中有着举足轻重的地位。能入京华，几乎是所有华夏学子的梦想和荣耀。', '2019-05-13 14:20:33');
INSERT INTO `sn_chapter` VALUES (464, 1, '第40章-章节标题', '京华大学，华夏国最高学府，坐落于京华市中心之北，在历经数百年风风雨雨的洗礼后沉淀了丰厚的历史和文化底蕴，在全世界的高等学府中有着举足轻重的地位。能入京华，几乎是所有华夏学子的梦想和荣耀。', '2019-05-13 14:20:34');
INSERT INTO `sn_chapter` VALUES (465, 1, '第41章-章节标题', '京华大学，华夏国最高学府，坐落于京华市中心之北，在历经数百年风风雨雨的洗礼后沉淀了丰厚的历史和文化底蕴，在全世界的高等学府中有着举足轻重的地位。能入京华，几乎是所有华夏学子的梦想和荣耀。', '2019-05-13 14:20:34');
INSERT INTO `sn_chapter` VALUES (466, 1, '第42章-章节标题', '京华大学，华夏国最高学府，坐落于京华市中心之北，在历经数百年风风雨雨的洗礼后沉淀了丰厚的历史和文化底蕴，在全世界的高等学府中有着举足轻重的地位。能入京华，几乎是所有华夏学子的梦想和荣耀。', '2019-05-13 14:20:34');
INSERT INTO `sn_chapter` VALUES (467, 1, '第43章-章节标题', '京华大学，华夏国最高学府，坐落于京华市中心之北，在历经数百年风风雨雨的洗礼后沉淀了丰厚的历史和文化底蕴，在全世界的高等学府中有着举足轻重的地位。能入京华，几乎是所有华夏学子的梦想和荣耀。', '2019-05-13 14:20:35');
INSERT INTO `sn_chapter` VALUES (468, 1, '第44章-章节标题', '京华大学，华夏国最高学府，坐落于京华市中心之北，在历经数百年风风雨雨的洗礼后沉淀了丰厚的历史和文化底蕴，在全世界的高等学府中有着举足轻重的地位。能入京华，几乎是所有华夏学子的梦想和荣耀。', '2019-05-13 14:20:35');
INSERT INTO `sn_chapter` VALUES (469, 1, '第45章-章节标题', '京华大学，华夏国最高学府，坐落于京华市中心之北，在历经数百年风风雨雨的洗礼后沉淀了丰厚的历史和文化底蕴，在全世界的高等学府中有着举足轻重的地位。能入京华，几乎是所有华夏学子的梦想和荣耀。', '2019-05-13 14:20:35');
INSERT INTO `sn_chapter` VALUES (470, 1, '第46章-章节标题', '京华大学，华夏国最高学府，坐落于京华市中心之北，在历经数百年风风雨雨的洗礼后沉淀了丰厚的历史和文化底蕴，在全世界的高等学府中有着举足轻重的地位。能入京华，几乎是所有华夏学子的梦想和荣耀。', '2019-05-13 14:20:36');
INSERT INTO `sn_chapter` VALUES (471, 1, '第47章-章节标题', '京华大学，华夏国最高学府，坐落于京华市中心之北，在历经数百年风风雨雨的洗礼后沉淀了丰厚的历史和文化底蕴，在全世界的高等学府中有着举足轻重的地位。能入京华，几乎是所有华夏学子的梦想和荣耀。', '2019-05-13 14:20:36');
INSERT INTO `sn_chapter` VALUES (472, 1, '第48章-章节标题', '京华大学，华夏国最高学府，坐落于京华市中心之北，在历经数百年风风雨雨的洗礼后沉淀了丰厚的历史和文化底蕴，在全世界的高等学府中有着举足轻重的地位。能入京华，几乎是所有华夏学子的梦想和荣耀。', '2019-05-13 14:20:36');
INSERT INTO `sn_chapter` VALUES (473, 1, '第49章-章节标题', '京华大学，华夏国最高学府，坐落于京华市中心之北，在历经数百年风风雨雨的洗礼后沉淀了丰厚的历史和文化底蕴，在全世界的高等学府中有着举足轻重的地位。能入京华，几乎是所有华夏学子的梦想和荣耀。', '2019-05-13 14:20:36');
INSERT INTO `sn_chapter` VALUES (474, 1, '第50章-章节标题', '京华大学，华夏国最高学府，坐落于京华市中心之北，在历经数百年风风雨雨的洗礼后沉淀了丰厚的历史和文化底蕴，在全世界的高等学府中有着举足轻重的地位。能入京华，几乎是所有华夏学子的梦想和荣耀。', '2019-05-13 14:20:37');
INSERT INTO `sn_chapter` VALUES (475, 1, '第1章-章节标题', '京华大学，华夏国最高学府，坐落于京华市中心之北，在历经数百年风风雨雨的洗礼后沉淀了丰厚的历史和文化底蕴，在全世界的高等学府中有着举足轻重的地位。能入京华，几乎是所有华夏学子的梦想和荣耀。', '2019-05-13 16:17:40');
INSERT INTO `sn_chapter` VALUES (476, 1, '第2章-章节标题', '京华大学，华夏国最高学府，坐落于京华市中心之北，在历经数百年风风雨雨的洗礼后沉淀了丰厚的历史和文化底蕴，在全世界的高等学府中有着举足轻重的地位。能入京华，几乎是所有华夏学子的梦想和荣耀。', '2019-05-13 16:17:40');
INSERT INTO `sn_chapter` VALUES (477, 1, '第3章-章节标题', '京华大学，华夏国最高学府，坐落于京华市中心之北，在历经数百年风风雨雨的洗礼后沉淀了丰厚的历史和文化底蕴，在全世界的高等学府中有着举足轻重的地位。能入京华，几乎是所有华夏学子的梦想和荣耀。', '2019-05-13 16:17:40');
INSERT INTO `sn_chapter` VALUES (478, 1, '第4章-章节标题', '京华大学，华夏国最高学府，坐落于京华市中心之北，在历经数百年风风雨雨的洗礼后沉淀了丰厚的历史和文化底蕴，在全世界的高等学府中有着举足轻重的地位。能入京华，几乎是所有华夏学子的梦想和荣耀。', '2019-05-13 16:17:41');
INSERT INTO `sn_chapter` VALUES (479, 1, '第5章-章节标题', '京华大学，华夏国最高学府，坐落于京华市中心之北，在历经数百年风风雨雨的洗礼后沉淀了丰厚的历史和文化底蕴，在全世界的高等学府中有着举足轻重的地位。能入京华，几乎是所有华夏学子的梦想和荣耀。', '2019-05-13 16:17:41');
INSERT INTO `sn_chapter` VALUES (480, 1, '第6章-章节标题', '京华大学，华夏国最高学府，坐落于京华市中心之北，在历经数百年风风雨雨的洗礼后沉淀了丰厚的历史和文化底蕴，在全世界的高等学府中有着举足轻重的地位。能入京华，几乎是所有华夏学子的梦想和荣耀。', '2019-05-13 16:17:41');
INSERT INTO `sn_chapter` VALUES (481, 1, '第7章-章节标题', '京华大学，华夏国最高学府，坐落于京华市中心之北，在历经数百年风风雨雨的洗礼后沉淀了丰厚的历史和文化底蕴，在全世界的高等学府中有着举足轻重的地位。能入京华，几乎是所有华夏学子的梦想和荣耀。', '2019-05-13 16:17:42');
INSERT INTO `sn_chapter` VALUES (482, 1, '第8章-章节标题', '京华大学，华夏国最高学府，坐落于京华市中心之北，在历经数百年风风雨雨的洗礼后沉淀了丰厚的历史和文化底蕴，在全世界的高等学府中有着举足轻重的地位。能入京华，几乎是所有华夏学子的梦想和荣耀。', '2019-05-13 16:17:42');
INSERT INTO `sn_chapter` VALUES (483, 1, '第9章-章节标题', '京华大学，华夏国最高学府，坐落于京华市中心之北，在历经数百年风风雨雨的洗礼后沉淀了丰厚的历史和文化底蕴，在全世界的高等学府中有着举足轻重的地位。能入京华，几乎是所有华夏学子的梦想和荣耀。', '2019-05-13 16:17:42');
INSERT INTO `sn_chapter` VALUES (484, 1, '第10章-章节标题', '京华大学，华夏国最高学府，坐落于京华市中心之北，在历经数百年风风雨雨的洗礼后沉淀了丰厚的历史和文化底蕴，在全世界的高等学府中有着举足轻重的地位。能入京华，几乎是所有华夏学子的梦想和荣耀。', '2019-05-13 16:17:42');
INSERT INTO `sn_chapter` VALUES (485, 1, '第11章-章节标题', '京华大学，华夏国最高学府，坐落于京华市中心之北，在历经数百年风风雨雨的洗礼后沉淀了丰厚的历史和文化底蕴，在全世界的高等学府中有着举足轻重的地位。能入京华，几乎是所有华夏学子的梦想和荣耀。', '2019-05-13 16:17:43');
INSERT INTO `sn_chapter` VALUES (486, 1, '第12章-章节标题', '京华大学，华夏国最高学府，坐落于京华市中心之北，在历经数百年风风雨雨的洗礼后沉淀了丰厚的历史和文化底蕴，在全世界的高等学府中有着举足轻重的地位。能入京华，几乎是所有华夏学子的梦想和荣耀。', '2019-05-13 16:17:43');
INSERT INTO `sn_chapter` VALUES (487, 1, '第13章-章节标题', '京华大学，华夏国最高学府，坐落于京华市中心之北，在历经数百年风风雨雨的洗礼后沉淀了丰厚的历史和文化底蕴，在全世界的高等学府中有着举足轻重的地位。能入京华，几乎是所有华夏学子的梦想和荣耀。', '2019-05-13 16:17:43');
INSERT INTO `sn_chapter` VALUES (488, 1, '第14章-章节标题', '京华大学，华夏国最高学府，坐落于京华市中心之北，在历经数百年风风雨雨的洗礼后沉淀了丰厚的历史和文化底蕴，在全世界的高等学府中有着举足轻重的地位。能入京华，几乎是所有华夏学子的梦想和荣耀。', '2019-05-13 16:17:44');
INSERT INTO `sn_chapter` VALUES (489, 1, '第15章-章节标题', '京华大学，华夏国最高学府，坐落于京华市中心之北，在历经数百年风风雨雨的洗礼后沉淀了丰厚的历史和文化底蕴，在全世界的高等学府中有着举足轻重的地位。能入京华，几乎是所有华夏学子的梦想和荣耀。', '2019-05-13 16:17:44');
INSERT INTO `sn_chapter` VALUES (490, 1, '第16章-章节标题', '京华大学，华夏国最高学府，坐落于京华市中心之北，在历经数百年风风雨雨的洗礼后沉淀了丰厚的历史和文化底蕴，在全世界的高等学府中有着举足轻重的地位。能入京华，几乎是所有华夏学子的梦想和荣耀。', '2019-05-13 16:17:44');
INSERT INTO `sn_chapter` VALUES (491, 1, '第17章-章节标题', '京华大学，华夏国最高学府，坐落于京华市中心之北，在历经数百年风风雨雨的洗礼后沉淀了丰厚的历史和文化底蕴，在全世界的高等学府中有着举足轻重的地位。能入京华，几乎是所有华夏学子的梦想和荣耀。', '2019-05-13 16:17:44');
INSERT INTO `sn_chapter` VALUES (492, 1, '第18章-章节标题', '京华大学，华夏国最高学府，坐落于京华市中心之北，在历经数百年风风雨雨的洗礼后沉淀了丰厚的历史和文化底蕴，在全世界的高等学府中有着举足轻重的地位。能入京华，几乎是所有华夏学子的梦想和荣耀。', '2019-05-13 16:17:45');
INSERT INTO `sn_chapter` VALUES (493, 1, '第19章-章节标题', '京华大学，华夏国最高学府，坐落于京华市中心之北，在历经数百年风风雨雨的洗礼后沉淀了丰厚的历史和文化底蕴，在全世界的高等学府中有着举足轻重的地位。能入京华，几乎是所有华夏学子的梦想和荣耀。', '2019-05-13 16:17:45');
INSERT INTO `sn_chapter` VALUES (494, 1, '第20章-章节标题', '京华大学，华夏国最高学府，坐落于京华市中心之北，在历经数百年风风雨雨的洗礼后沉淀了丰厚的历史和文化底蕴，在全世界的高等学府中有着举足轻重的地位。能入京华，几乎是所有华夏学子的梦想和荣耀。', '2019-05-13 16:17:45');
INSERT INTO `sn_chapter` VALUES (495, 1, '第21章-章节标题', '京华大学，华夏国最高学府，坐落于京华市中心之北，在历经数百年风风雨雨的洗礼后沉淀了丰厚的历史和文化底蕴，在全世界的高等学府中有着举足轻重的地位。能入京华，几乎是所有华夏学子的梦想和荣耀。', '2019-05-13 16:17:46');
INSERT INTO `sn_chapter` VALUES (496, 1, '第22章-章节标题', '京华大学，华夏国最高学府，坐落于京华市中心之北，在历经数百年风风雨雨的洗礼后沉淀了丰厚的历史和文化底蕴，在全世界的高等学府中有着举足轻重的地位。能入京华，几乎是所有华夏学子的梦想和荣耀。', '2019-05-13 16:17:46');
INSERT INTO `sn_chapter` VALUES (497, 1, '第23章-章节标题', '京华大学，华夏国最高学府，坐落于京华市中心之北，在历经数百年风风雨雨的洗礼后沉淀了丰厚的历史和文化底蕴，在全世界的高等学府中有着举足轻重的地位。能入京华，几乎是所有华夏学子的梦想和荣耀。', '2019-05-13 16:17:46');
INSERT INTO `sn_chapter` VALUES (498, 1, '第24章-章节标题', '京华大学，华夏国最高学府，坐落于京华市中心之北，在历经数百年风风雨雨的洗礼后沉淀了丰厚的历史和文化底蕴，在全世界的高等学府中有着举足轻重的地位。能入京华，几乎是所有华夏学子的梦想和荣耀。', '2019-05-13 16:17:46');
INSERT INTO `sn_chapter` VALUES (499, 1, '第100章-啦啦啦', '23333', '2019-05-14 12:40:43');
INSERT INTO `sn_chapter` VALUES (500, 2, '第1章-哈哈哈', '233', '2019-05-14 12:40:43');
INSERT INTO `sn_chapter` VALUES (501, 1, '第100章-精准本能', 'asdadasdasdasdasd', '2019-05-14 17:52:53');
INSERT INTO `sn_chapter` VALUES (502, 23, '第100章-精准本能', 'jdagfkhfkh', '2019-05-14 17:55:31');
INSERT INTO `sn_chapter` VALUES (503, 3, '第99章-精准本能', '32dufiuifu', '2019-05-14 18:00:17');
INSERT INTO `sn_chapter` VALUES (504, 4, '第10章-精准本能', 'hhhhhhh', '2019-05-15 09:39:46');
INSERT INTO `sn_chapter` VALUES (507, 79, '第一章-XXX', '看什么呢，不给看', '2019-05-20 10:08:16');

-- ----------------------------
-- Table structure for sn_collection
-- ----------------------------
DROP TABLE IF EXISTS `sn_collection`;
CREATE TABLE `sn_collection`  (
  `collect_id` int(11) NOT NULL AUTO_INCREMENT COMMENT '收藏表主键',
  `collect_userid` int(11) NOT NULL COMMENT '外键指向sn_user表',
  `collect_novelid` int(11) NOT NULL COMMENT '外键,指向小说id',
  `collect_chapter_history` int(11) NULL DEFAULT NULL COMMENT '外键,指向小说章节信息,总是指向最新的章节',
  PRIMARY KEY (`collect_id`) USING BTREE,
  INDEX `fore_collect_userid`(`collect_userid`) USING BTREE,
  INDEX `fore_collect_novelid`(`collect_novelid`) USING BTREE,
  CONSTRAINT `fore_collect_novelid` FOREIGN KEY (`collect_novelid`) REFERENCES `sn_novel` (`novel_id`) ON DELETE CASCADE ON UPDATE RESTRICT,
  CONSTRAINT `fore_collect_userid` FOREIGN KEY (`collect_userid`) REFERENCES `sn_user` (`user_id`) ON DELETE CASCADE ON UPDATE RESTRICT
) ENGINE = InnoDB AUTO_INCREMENT = 31 CHARACTER SET = utf8 COLLATE = utf8_general_ci ROW_FORMAT = Compact;

-- ----------------------------
-- Records of sn_collection
-- ----------------------------
INSERT INTO `sn_collection` VALUES (6, 2, 1, 1);
INSERT INTO `sn_collection` VALUES (7, 1, 23, 1);
INSERT INTO `sn_collection` VALUES (8, 1, 1, 501);
INSERT INTO `sn_collection` VALUES (9, 1, 19, 1);
INSERT INTO `sn_collection` VALUES (10, 1, 2, 500);
INSERT INTO `sn_collection` VALUES (12, 1, 28, 1);
INSERT INTO `sn_collection` VALUES (14, 1, 4, 504);
INSERT INTO `sn_collection` VALUES (16, 23, 41, -1);
INSERT INTO `sn_collection` VALUES (17, 23, 42, -1);
INSERT INTO `sn_collection` VALUES (18, 23, 44, -1);
INSERT INTO `sn_collection` VALUES (19, 23, 1, 421);
INSERT INTO `sn_collection` VALUES (20, 1, 15, -1);
INSERT INTO `sn_collection` VALUES (21, 1, 74, -1);
INSERT INTO `sn_collection` VALUES (22, 23, 10, 0);
INSERT INTO `sn_collection` VALUES (23, 23, 57, 0);
INSERT INTO `sn_collection` VALUES (24, 23, 23, 0);
INSERT INTO `sn_collection` VALUES (26, 48, 1, -1);
INSERT INTO `sn_collection` VALUES (27, 1, 77, -1);
INSERT INTO `sn_collection` VALUES (28, 45, 1, 501);
INSERT INTO `sn_collection` VALUES (29, 45, 28, -1);
INSERT INTO `sn_collection` VALUES (30, 45, 2, -1);

-- ----------------------------
-- Table structure for sn_comment
-- ----------------------------
DROP TABLE IF EXISTS `sn_comment`;
CREATE TABLE `sn_comment`  (
  `comm_id` int(11) NOT NULL AUTO_INCREMENT COMMENT '评论主键 自增',
  `comm_userid` int(11) NOT NULL COMMENT '外键 评论用户id',
  `comm_novelid` int(11) NOT NULL COMMENT '外键 评论小说id',
  `comm_content` longtext CHARACTER SET utf8 COLLATE utf8_general_ci NOT NULL COMMENT '评论内容 可以是富文本',
  `comm_time` datetime(0) NULL DEFAULT NULL ON UPDATE CURRENT_TIMESTAMP(0) COMMENT '评论时间,数据库自动生成',
  `comm_hitnum` int(11) NULL DEFAULT NULL COMMENT '评论点赞数 热度',
  `comm_parentId` int(11) NULL DEFAULT NULL COMMENT '评论的父评论id 用于评论回复',
  PRIMARY KEY (`comm_id`) USING BTREE,
  INDEX `fore_comm_userid`(`comm_userid`) USING BTREE,
  INDEX `fore_comm_novelid`(`comm_novelid`) USING BTREE,
  CONSTRAINT `fore_comm_novelid` FOREIGN KEY (`comm_novelid`) REFERENCES `sn_novel` (`novel_id`) ON DELETE CASCADE ON UPDATE RESTRICT,
  CONSTRAINT `fore_comm_userid` FOREIGN KEY (`comm_userid`) REFERENCES `sn_user` (`user_id`) ON DELETE CASCADE ON UPDATE RESTRICT
) ENGINE = InnoDB AUTO_INCREMENT = 56 CHARACTER SET = utf8 COLLATE = utf8_general_ci ROW_FORMAT = Compact;

-- ----------------------------
-- Records of sn_comment
-- ----------------------------
INSERT INTO `sn_comment` VALUES (2, 1, 1, '修改了评论内容333', '2019-05-08 10:42:27', 5, NULL);
INSERT INTO `sn_comment` VALUES (4, 1, 1, '修改了评论内容2', '2019-05-08 11:04:14', 3, 2);
INSERT INTO `sn_comment` VALUES (5, 1, 1, '修改了评论内容2', '2019-05-08 11:04:16', 3, 2);
INSERT INTO `sn_comment` VALUES (6, 2, 1, '修改了评论内容2', '2019-05-08 10:41:02', 3, NULL);
INSERT INTO `sn_comment` VALUES (8, 2, 1, '修改了评论内容2', '2019-05-08 10:41:02', 3, NULL);
INSERT INTO `sn_comment` VALUES (10, 2, 1, '修改了评论内容2', '2019-05-08 10:41:02', 3, NULL);
INSERT INTO `sn_comment` VALUES (12, 2, 1, '修改了评论内容2', '2019-05-08 11:04:17', 3, 2);
INSERT INTO `sn_comment` VALUES (14, 2, 1, '修改了评论内容2', '2019-05-08 10:41:02', 3, NULL);
INSERT INTO `sn_comment` VALUES (16, 2, 1, '修改了评论内容2', '2019-05-08 10:41:02', 3, NULL);
INSERT INTO `sn_comment` VALUES (18, 2, 1, '修改了评论内容2', '2019-05-08 11:04:19', 3, 2);
INSERT INTO `sn_comment` VALUES (20, 2, 1, '修改了评论内容2', '2019-05-08 10:41:02', 3, NULL);
INSERT INTO `sn_comment` VALUES (22, 2, 1, '修改了评论内容2', '2019-05-08 10:41:02', 3, NULL);
INSERT INTO `sn_comment` VALUES (24, 2, 1, '修改了评论内容2', '2019-05-08 10:41:02', 3, NULL);
INSERT INTO `sn_comment` VALUES (26, 2, 1, '修改了评论内容2', '2019-05-08 11:04:21', 3, 2);
INSERT INTO `sn_comment` VALUES (28, 2, 1, '修改了评论内容2', '2019-05-08 10:41:02', 3, NULL);
INSERT INTO `sn_comment` VALUES (30, 2, 1, '修改了评论内容2', '2019-05-08 10:41:02', 3, NULL);
INSERT INTO `sn_comment` VALUES (32, 2, 1, '修改了评论内容2', '2019-05-08 10:41:02', 3, NULL);
INSERT INTO `sn_comment` VALUES (34, 2, 1, '修改了评论内容2', '2019-05-08 10:41:02', 3, NULL);
INSERT INTO `sn_comment` VALUES (36, 1, 1, '修改了评论内容2', '2019-05-08 10:41:02', 3, NULL);
INSERT INTO `sn_comment` VALUES (37, 1, 1, '修改了评论内容2', '2019-05-08 10:41:02', 3, NULL);
INSERT INTO `sn_comment` VALUES (39, 1, 1, '萨达所大所', '2019-05-12 14:15:33', 0, NULL);
INSERT INTO `sn_comment` VALUES (40, 1, 1, '好像可以了', '2019-05-12 14:15:43', 0, NULL);
INSERT INTO `sn_comment` VALUES (41, 1, 1, '啊啊啊啊啊啊啊啊啊啊啊啊啊啊啊啊', '2019-05-14 11:28:36', 0, NULL);
INSERT INTO `sn_comment` VALUES (42, 1, 1, '大叔大婶大所多撒啊', '2019-05-15 10:46:54', 0, NULL);
INSERT INTO `sn_comment` VALUES (43, 1, 1, '我日啊', '2019-05-15 10:49:49', 0, NULL);
INSERT INTO `sn_comment` VALUES (44, 23, 35, '辣鸡小说,浪费我时间', '2019-05-16 11:04:22', 0, NULL);
INSERT INTO `sn_comment` VALUES (45, 1, 1, '测试测试测试', '2019-05-18 21:12:58', 0, NULL);
INSERT INTO `sn_comment` VALUES (46, 23, 69, '我靠', '2019-05-19 16:35:11', 0, NULL);
INSERT INTO `sn_comment` VALUES (47, 23, 69, '啊啊啊啊啊啊啊啊啊啊啊', '2019-05-19 16:35:22', 0, NULL);
INSERT INTO `sn_comment` VALUES (48, 23, 69, '有意思', '2019-05-19 16:50:54', 0, NULL);
INSERT INTO `sn_comment` VALUES (49, 23, 2, '假装评价', '2019-05-20 08:48:53', 0, NULL);
INSERT INTO `sn_comment` VALUES (50, 23, 2, '厉害', '2019-05-20 08:49:02', 0, NULL);
INSERT INTO `sn_comment` VALUES (51, 23, 2, '哦哦', '2019-05-20 08:49:05', 0, NULL);
INSERT INTO `sn_comment` VALUES (52, 23, 44, '图片太大了', '2019-05-20 08:49:39', 0, NULL);
INSERT INTO `sn_comment` VALUES (53, 1, 2, '楼下是白痴[吃惊]', '2019-05-20 10:01:25', 0, NULL);
INSERT INTO `sn_comment` VALUES (54, 1, 2, '123', '2019-05-20 10:01:47', 0, NULL);
INSERT INTO `sn_comment` VALUES (55, 45, 2, '竟然不是一楼', '2019-05-20 10:10:24', 0, NULL);

-- ----------------------------
-- Table structure for sn_novel
-- ----------------------------
DROP TABLE IF EXISTS `sn_novel`;
CREATE TABLE `sn_novel`  (
  `novel_id` int(11) NOT NULL AUTO_INCREMENT COMMENT '小说主键id,唯一',
  `novel_title` varchar(50) CHARACTER SET utf8 COLLATE utf8_general_ci NOT NULL COMMENT '小说名称',
  `novel_author` varchar(50) CHARACTER SET utf8 COLLATE utf8_general_ci NOT NULL COMMENT '作者名称',
  `novel_categoryid` int(11) NOT NULL COMMENT '外键指向类别类型',
  `novel_updatetime` datetime(0) NULL DEFAULT NULL ON UPDATE CURRENT_TIMESTAMP(0) COMMENT '小说最后更新时间',
  `novel_isEnd` int(1) NULL DEFAULT 0 COMMENT '是否完结 0:未完结 1:已完结',
  `novel_summary` text CHARACTER SET utf8 COLLATE utf8_general_ci NULL COMMENT '小说简介',
  `novel_share_userid` int(11) NOT NULL COMMENT '外键,小说分享者id,方便查询',
  `novel_downloadurl` varchar(255) CHARACTER SET utf8 COLLATE utf8_general_ci NULL DEFAULT NULL COMMENT '下载地址,json对象\r\n{\'站内地址1\':\'url...\',\'站外地址1\':\'url..\'}',
  `novel_check` int(1) NULL DEFAULT 0 COMMENT '审核结果 0:为审核 1:通过 2:未通过',
  `novel_cover` varchar(255) CHARACTER SET utf8 COLLATE utf8_general_ci NOT NULL COMMENT '小说封面',
  PRIMARY KEY (`novel_id`) USING BTREE,
  INDEX `fore_share_user`(`novel_share_userid`) USING BTREE,
  INDEX `fore_categoryid`(`novel_categoryid`) USING BTREE,
  INDEX `title`(`novel_title`) USING BTREE,
  INDEX `author`(`novel_author`) USING BTREE,
  INDEX `id`(`novel_id`) USING BTREE,
  CONSTRAINT `fore_categoryid` FOREIGN KEY (`novel_categoryid`) REFERENCES `sn_category` (`cat_id`) ON DELETE NO ACTION ON UPDATE CASCADE,
  CONSTRAINT `fore_share_user` FOREIGN KEY (`novel_share_userid`) REFERENCES `sn_user` (`user_id`) ON DELETE NO ACTION ON UPDATE NO ACTION
) ENGINE = InnoDB AUTO_INCREMENT = 80 CHARACTER SET = utf8 COLLATE = utf8_general_ci ROW_FORMAT = Compact;

-- ----------------------------
-- Records of sn_novel
-- ----------------------------
INSERT INTO `sn_novel` VALUES (1, '网游之邪龙逆天 ', '火星引力', 46, '2019-05-11 17:32:05', 1, '一个龙魂少年的逆天之路。龙魂爆，苍穹断，花开花谢已千年。前生缘，今生恋，化身邪龙誓逆天。', 1, '{url=http://193.112.41.124/group1/M00/00/00/rBAABVzRGrKAbhKPAH1lTXI8cK8029.txt}', 1, 'http://193.112.41.124/group1/M00/00/00/rBAABVzRG5qADThpAABX1u4KyUQ675.jpg');
INSERT INTO `sn_novel` VALUES (2, '逆天邪神改', '火星引力改', 45, '2019-05-15 11:19:56', 0, '云澈小白脸的额故事~~~~~~~123123', 1, '{url=http://193.112.41.124/group1/M00/00/00/rBAABVzWoBOAA4bcAH1lTXI8cK8783.txt}', 1, 'http://193.112.41.124/group1/M00/00/00/rBAABVzWntKAH6B-AAGCMX8MHUQ893.jpg');
INSERT INTO `sn_novel` VALUES (3, '元尊', '天蚕土豆', 45, '2019-05-11 18:15:29', 0, '土豆新书,不知东西', 1, '{url=http://193.112.41.124/group1/M00/00/00/rBAABVzWoLKAfcV8AAAASGFuFhI571.txt}', 0, 'http://193.112.41.124/group1/M00/00/00/rBAABVzRHTSAWjEEAAKvF_lV0sc827.jpg');
INSERT INTO `sn_novel` VALUES (4, '执魔', '我是墨水', 44, '2019-05-11 18:00:50', 1, '宁凡的故事,一月一更..', 1, '{暂无下载=#}', 1, 'http://193.112.41.124/group1/M00/00/00/rBAABVzRHTSAWjEEAAKvF_lV0sc827.jpg');
INSERT INTO `sn_novel` VALUES (9, '逆天6', '测试作者6', 46, '2019-05-14 15:11:32', 0, '测试简介~~~~~~6', 1, '{url=}', 0, 'http://193.112.41.124/group1/M00/00/00/rBAABVzRHTSAWjEEAAKvF_lV0sc827.jpg');
INSERT INTO `sn_novel` VALUES (10, '逆天7', '测试作者7', 44, '2019-05-14 15:11:59', 0, '测试简介~~~~~~7', 1, '{url=}', 1, 'http://193.112.41.124/group1/M00/00/00/rBAABVzRHTSAWjEEAAKvF_lV0sc827.jpg');
INSERT INTO `sn_novel` VALUES (14, '逆天邪神2', '火星引力', 46, '2019-05-11 15:18:08', 0, '<strong>灰常灰常好看</strong>', 1, '{url=}', 1, 'http://193.112.41.124/group1/M00/00/00/rBAABVzVPXuAb0s0AAAouX6YDHQ53.jpeg');
INSERT INTO `sn_novel` VALUES (15, '逆天邪神3', '火星引力', 47, '2019-05-11 16:34:47', 0, '<strong>好看好看好看</strong>', 1, '{url=}', 1, 'http://193.112.41.124/group1/M00/00/00/rBAABVzWiRiAMtgmAAGCMX8MHUQ646.jpg');
INSERT INTO `sn_novel` VALUES (16, '网游之邪龙逆天2', '火星引力', 44, '2019-05-11 16:42:07', 1, '<h2>\n	<strong><span style=\"color:#006600;font-size:18px;\">好看看</span></strong>\n</h2>', 1, '{url=}', 1, 'http://193.112.41.124/group1/M00/00/00/rBAABVzWiqGAfXpvAABX1u4KyUQ349.jpg');
INSERT INTO `sn_novel` VALUES (17, '新增小说', 'yoko', 57, '2019-05-11 18:17:05', 1, '<strong>测试简介</strong>', 1, '{url=http://193.112.41.124/group1/M00/00/00/rBAABVzWoQuADQkSAAAASGFuFhI472.txt}', 0, 'http://193.112.41.124/group1/M00/00/00/rBAABVzWoReAMxoUAAAouX6YDHQ39.jpeg');
INSERT INTO `sn_novel` VALUES (18, '新增小说2', 'yoko', 48, '2019-05-11 21:30:23', 0, '<strong><span style=\"color:#FFE500;background-color:#B8D100;font-size:32px;\">2333333</span></strong>', 1, '{url=http://193.112.41.124/group1/M00/00/00/rBAABVzWzmOAW5zeAAAASGFuFhI212.txt}', 1, 'http://193.112.41.124/group1/M00/00/00/rBAABVzWzjWAEvlyAAAouX6YDHQ48.jpeg');
INSERT INTO `sn_novel` VALUES (19, '校花的贴身高手', '渔人二代', 58, '2019-05-13 21:04:26', 0, '<span style=\"color:#333333;font-family:arial, 宋体, sans-serif;font-size:14px;background-color:#FFFFFF;\">故事讲述了从大山里走出来的绝世高手，一块能预知未来的神秘玉佩..身负重任，追校花！还是奉校花老爸之命！虽然林逸很不想跟这位难伺候的大小姐打交道，但是长辈之命难违抗，他不得不千里迢迢的转学到松山市，给大小姐鞍前马后的当跟班</span><span style=\"font-weight:700;color:#333333;font-family:arial, 宋体, sans-serif;font-size:14px;background-color:#FFFFFF;\">..</span><span style=\"color:#333333;font-family:arial, 宋体, sans-serif;font-size:14px;background-color:#FFFFFF;\">于是史上最牛跟班出现了。</span><br />', 1, '{url=http://193.112.41.124/group1/M00/00/00/rBAABVzZa1aAB5IdAAAABxJST_s804.txt}', 1, 'http://193.112.41.124/group1/M00/00/00/rBAABVzZas-AJndGAAL2W2nr-Qk851.jpg');
INSERT INTO `sn_novel` VALUES (20, '八零小军妻', '赵暖暖', 74, '2019-05-13 21:07:24', 0, '<strong><span style=\"color:#666666;font-family:&quot;font-size:14px;background-color:#E9FAFF;\">养父母待她如珠如宝，她却心心念念的想要回到抛弃她待她如糠如草的亲生父母身边儿，犯蠢的后果就是养母死不瞑目，养父断绝来往，她，最终惨死车轮下......&emsp;&emsp;重来一次，她要待养父母如珠如宝，待亲生父母如糠如草！&emsp;&emsp;至于抢她一切的那个亲姐姐，呵......，你以为还有机会吗？&emsp;&emsp;哎哎哎，那个兵哥哥，我已经定亲了，你咋能硬抢？！哎哎哎......</span></strong>', 1, '{url=http://193.112.41.124/group1/M00/00/00/rBAABVzZbAKARpreAAAACMjFA88600.txt}', 1, 'http://193.112.41.124/group1/M00/00/00/rBAABVzZa5CAdRFEAABu56kaGmU675.jpg');
INSERT INTO `sn_novel` VALUES (21, '兵王归来', '风逐月', 84, '2019-05-13 21:09:18', 0, '<strong><span style=\"color:#666666;font-family:&quot;font-size:14px;background-color:#E9FAFF;\">兵王终有归来日，潜龙还有再起时</span></strong>', 1, '{url=http://193.112.41.124/group1/M00/00/00/rBAABVzZbHeACdBLAAAABxJST_s576.txt}', 1, 'http://193.112.41.124/group1/M00/00/00/rBAABVzZbC2AYCo1AAAz7yxRLHQ113.jpg');
INSERT INTO `sn_novel` VALUES (22, '不朽凡人', '鹅是老五', 69, '2019-05-13 21:22:21', 0, '<strong><span style=\"color:#333333;font-family:arial, 宋体, sans-serif;font-size:14px;background-color:#FFFFFF;\">地球顶级植物学家莫无忌却因研究出开脉药液被未婚妻夏若茵暗算后重生到北秦郡王王子莫星河身上的故事。</span></strong>', 1, '{url=http://193.112.41.124/group1/M00/00/00/rBAABVzZb4eAb55mAAAACMjFA88548.txt}', 1, 'http://193.112.41.124/group1/M00/00/00/rBAABVzZbZ2ADCnBAABY74g-kEI637.jpg');
INSERT INTO `sn_novel` VALUES (23, '飞剑问道', '我吃西红柿', 44, '2019-05-13 21:24:24', 0, '<strong><span style=\"color:#555555;font-family:宋体;font-size:13px;background-color:#E9FAFF;\">在这个世界，有狐仙、河神、水怪、大妖，也有求长生的修行者。</span><br />\n<br />\n<span style=\"color:#555555;font-family:宋体;font-size:13px;background-color:#E9FAFF;\">修行者们，</span><br />\n<br />\n<span style=\"color:#555555;font-family:宋体;font-size:13px;background-color:#E9FAFF;\">开法眼，可看妖魔鬼怪。</span><br />\n<br />\n<span style=\"color:#555555;font-family:宋体;font-size:13px;background-color:#E9FAFF;\">炼一口飞剑，可千里杀敌。</span><br />\n<br />\n<span style=\"color:#555555;font-family:宋体;font-size:13px;background-color:#E9FAFF;\">千里眼、顺风耳，更可探查四方。</span><br />\n<br />\n<span style=\"color:#555555;font-family:宋体;font-size:13px;background-color:#E9FAFF;\">……</span><br />\n<br />\n<span style=\"color:#555555;font-family:宋体;font-size:13px;background-color:#E9FAFF;\">秦府二公子‘秦云’，便是一位修行者……</span></strong>', 1, '{url=http://193.112.41.124/group1/M00/00/00/rBAABVzZcAOAJr1DAAAABxJST_s836.txt}', 0, 'http://193.112.41.124/group1/M00/00/00/rBAABVzZb8KARIOjAAAwxzqM7Is676.jpg');
INSERT INTO `sn_novel` VALUES (24, '非凡洪荒', '我自非凡', 67, '2019-05-13 21:26:29', 0, '<strong>\n<div class=\"para\" style=\"font-size:14px;color:#333333;font-family:arial, 宋体, sans-serif;background-color:#FFFFFF;\">\n	“求大仙收小子为徒，小子愿终身侍奉大仙！”\n</div>\n<div class=\"para\" style=\"font-size:14px;color:#333333;font-family:arial, 宋体, sans-serif;background-color:#FFFFFF;\">\n	“哦？你是何人？”\n</div>\n<div class=\"para\" style=\"font-size:14px;color:#333333;font-family:arial, 宋体, sans-serif;background-color:#FFFFFF;\">\n	“小子鸿钧。”\n</div>\n</strong>', 1, '{url=http://193.112.41.124/group1/M00/00/00/rBAABVzZcH-AVA2XAAAABxJST_s570.txt}', 1, 'http://193.112.41.124/group1/M00/00/00/rBAABVzZcE2AWg0eAAAxUAv3cZs332.jpg');
INSERT INTO `sn_novel` VALUES (25, '元尊222', '土豆2', 97, '2019-05-14 11:30:45', 0, '<strong>滚2222</strong>', 1, '{url=}', 1, 'http://193.112.41.124/group1/M00/00/00/rBAABVzaNeiAEsykAAKvF_lV0sc900.jpg');
INSERT INTO `sn_novel` VALUES (26, '逆天小说2', '火星引力', 46, '2019-05-14 15:08:34', 1, '<strong>很好看很好看</strong>', 1, '{url=}', 1, 'http://193.112.41.124/group1/M00/00/00/rBAABVzaaWuAH1mOAAGCMX8MHUQ166.jpg');
INSERT INTO `sn_novel` VALUES (27, '逆天小说3', '火星引力', 45, '2019-05-14 15:09:24', 1, '', 1, '{url=}', 1, 'http://193.112.41.124/group1/M00/00/00/rBAABVzaaaGASgvUAAGCMX8MHUQ319.jpg');
INSERT INTO `sn_novel` VALUES (28, '逆天9', '火星引力', 46, '2019-05-15 14:34:34', 0, '', 1, '{url=}', 0, 'http://193.112.41.124/group1/M00/00/00/rBAABVzaan6AKs2dAAGCMX8MHUQ367.jpg');
INSERT INTO `sn_novel` VALUES (29, '这，就是篮球', '老虞初心', 123, '2019-05-15 14:30:44', 0, '<b>该小说讲述了一个中学生从不会打篮球到打入中国篮球协会的精彩经历，你看，他来了....</b>', 1, '{url=http://193.112.41.124/group1/M00/00/00/rBAABVzbsbSAFAIiAAAABxJST_s187.txt}', 1, 'http://193.112.41.124/group1/M00/00/00/rBAABVzbsayAWbDGAADYQu7wWYw137.jpg');
INSERT INTO `sn_novel` VALUES (30, '三寸人间', '耳根', 69, '2019-05-15 14:33:52', 0, '<div style=\"text-align:center;\">\n	<strong><span style=\"color:#262626;font-family:PingFangSC-Regular, -apple-system, Simsun;font-size:14px;background-color:#FFFFFF;\">&emsp;举头三尺无神明，掌心三寸是人间。</span><img src=\"http://localhost:8080/ShareNovel/js/kindeditor/plugins/emoticons/images/13.gif\" border=\"0\" alt=\"\" /></strong>\n</div>', 1, '{url=http://193.112.41.124/group1/M00/00/00/rBAABVzbslOAfT1tAAAACMjFA88953.txt}', 1, 'http://193.112.41.124/group1/M00/00/00/rBAABVzbskqAP6hiAAA9Idbc9dU581.jpg');
INSERT INTO `sn_novel` VALUES (31, '妹子请自重', '声起于形', 103, '2019-05-15 14:39:08', 0, '<strong><span style=\"color:#262626;font-family:PingFangSC-Regular, -apple-system, Simsun;font-size:14px;background-color:#FFFFFF;\">激萌的萝莉，热血的少年，为打破次元壁一往无前！</span></strong>', 1, '{url=http://193.112.41.124/group1/M00/00/00/rBAABVzbs1KARqIJAAAABxJST_s985.txt}', 1, 'http://193.112.41.124/group1/M00/00/00/rBAABVzbs02AK0x8AAA99hT2DF4310.jpg');
INSERT INTO `sn_novel` VALUES (32, '无线源生', '夜小嵩', 90, '2019-05-15 14:41:28', 0, '<strong>暂无</strong>', 1, '{url=http://193.112.41.124/group1/M00/00/00/rBAABVzbtDeASPIUAAAABxJST_s799.txt}', 1, 'http://193.112.41.124/group1/M00/00/00/rBAABVzbtDSAemGXAADn2LSOgQ8499.jpg');
INSERT INTO `sn_novel` VALUES (33, '男神校草别惹我', '卿卿', 124, '2019-05-15 14:46:59', 0, '<strong><span style=\"color:#666666;font-family:&quot;font-size:14px;background-color:#E9FAFF;\">&nbsp;他是全校瞩目的王牌校草，她是人人嫌弃的穷酸丫头。一场意外，让毫无交集的两人就此结怨！ 从那天起，她成了全校的公敌，被恶整，被降班，还被人放火被人关。他简直就是她的超级灾星，谁知他却说他要定她了让她看着办！少来！别以为你很有钱就可以这么拽，别以为你长的帅就人人爱，本丫头就是那唯一的例外！&nbsp;</span></strong>', 1, '{url=http://193.112.41.124/group1/M00/00/00/rBAABVzbtNuAeE94AAAABxJST_s090.txt}', 1, 'http://193.112.41.124/group1/M00/00/00/rBAABVzbtNGAWa38AADL7BGjIwI270.jpg');
INSERT INTO `sn_novel` VALUES (34, '我是幕后大佬', '一刀斩斩斩', 88, '2019-05-15 14:49:18', 0, '<strong><span style=\"color:#262626;font-family:PingFangSC-Regular, -apple-system, Simsun;font-size:14px;background-color:#FFFFFF;\">继承了阴间老祖遗产的陆无最近很愁。</span><br />\n<span style=\"color:#262626;font-family:PingFangSC-Regular, -apple-system, Simsun;font-size:14px;background-color:#FFFFFF;\">&emsp;&emsp;因为除了府君这个虚名，老祖不但什么都没有留下，甚至原本的下属也全部背叛，瓜分了本属于他的领地。</span><br />\n<span style=\"color:#262626;font-family:PingFangSC-Regular, -apple-system, Simsun;font-size:14px;background-color:#FFFFFF;\">&emsp;&emsp;在这种情况下，陆无依靠老祖研发的神器开始打造游戏服务器，引渡阳间玩家，制作主线任务、副本、剧情、npc等，依靠玩家的力量，开始了自己的征伐之路。</span></strong>', 1, '{url=http://193.112.41.124/group1/M00/00/00/rBAABVzbtiCAf3tkAAAABxJST_s775.txt}', 1, 'http://193.112.41.124/group1/M00/00/00/rBAABVzbthiAXF0bAABLaiS7Jpk833.jpg');
INSERT INTO `sn_novel` VALUES (35, '最佳鳌婿', '陪你倒数', 108, '2019-05-15 14:51:21', 0, '<strong><span style=\"color:#555555;font-family:宋体;font-size:13px;background-color:#E9FAFF;\">人死的时候会有意识吗？会，因为我经历过。这个世界上真的有鬼吗？ 有，因为，我就是。借体重生后，发现他有一个美到窒息的老婆，睡，还是不睡？&nbsp;</span></strong>', 1, '{url=http://193.112.41.124/group1/M00/00/00/rBAABVzbtqCALRDcAAAACMjFA88590.txt}', 1, 'http://193.112.41.124/group1/M00/00/00/rBAABVzbtp2AMExXAABef-9cQao327.jpg');
INSERT INTO `sn_novel` VALUES (36, '陈锦111', 'yoko', 73, '2019-05-15 17:42:07', 0, '<strong><strong>小说小说</strong><strong>小说小说</strong><strong>小说小说</strong><strong>小说小说</strong><strong>小说小说</strong><strong>小说小说</strong><strong>小说小说</strong><strong>小说小说</strong><strong>小说小说</strong><strong>小说小说</strong></strong>', 1, '{url=}', 1, 'http://193.112.41.124/group1/M00/00/01/rBAABVzb3s6AfkcAAAKoF5JBpNU493.jpg');
INSERT INTO `sn_novel` VALUES (37, '她的奇幻生活', '密集歌', 48, '2019-05-15 17:35:14', 0, '<strong>暂无</strong>', 1, '{url=http://193.112.41.124/group1/M00/00/01/rBAABVzb3RuAZ10BAAAABxJST_s617.txt}', 1, 'http://193.112.41.124/group1/M00/00/01/rBAABVzb3VOANvpKAAUCPLxhHf4068.jpg');
INSERT INTO `sn_novel` VALUES (38, '吸血鬼日记', '博纳', 49, '2019-05-16 08:40:58', 1, '<b>333</b>', 1, '{url=http://193.112.41.124/group1/M00/00/01/rBAABVzcsXSAEivRAAAABxJST_s324.txt}', 0, 'http://193.112.41.124/group1/M00/00/01/rBAABVzcsZuASxj2AAAzfzkar9I057.jpg');
INSERT INTO `sn_novel` VALUES (39, '废土亡灵', '找花的懒狮子', 50, '2019-05-16 08:44:27', 0, '<strong><span style=\"color:#4C4C4C;font-family:arial, helvetica, clean;font-size:14px;background-color:#FFFFFA;\">不要把游戏和现实区分开，游戏就是现实，现实也是游戏；不要高看了战争，尽管有死亡的伴奏，它也只不过是一群人打来打去；一个被制造出来的亡灵巫师操弄着骨头，驱使着傀儡，发誓要把这片三百年后的土地一寸一寸地参详仔细；于是乎毒液与炮火横飞，骨头和僵尸齐鸣；倒下的傀儡砸碎了坦克，古老的炸弹在尸体间穿行；一起来吧，欣赏这个风风火火的世界…</span></strong>', 1, '{url=http://193.112.41.124/group1/M00/00/01/rBAABVzcshCAJyNpAAAABxJST_s880.txt}', 0, 'http://193.112.41.124/group1/M00/00/01/rBAABVzcsguAEafeAABQhTk87wU67.jpeg');
INSERT INTO `sn_novel` VALUES (40, 'x传说', '青年郎', 51, '2019-05-16 08:50:53', 1, '<strong>请在这里添加你的小说简介</strong>', 1, '{url=http://193.112.41.124/group1/M00/00/01/rBAABVzcs8KAB1EKAAAACMjFA88347.txt}', 0, 'http://193.112.41.124/group1/M00/00/01/rBAABVzcs76AbwUvAAAhe_UGCgg461.jpg');
INSERT INTO `sn_novel` VALUES (41, '最强之旅', '萝卜庚', 66, '2019-05-16 08:53:18', 0, '<strong>请在这里添加你的小说简介</strong>', 1, '{url=http://193.112.41.124/group1/M00/00/01/rBAABVzctFSAOXQdAAAABxJST_s673.txt}', 0, 'http://193.112.41.124/group1/M00/00/01/rBAABVzctFGAZEpzAABHjmZ8Hoo548.jpg');
INSERT INTO `sn_novel` VALUES (42, '洪荒之最强通天', '招牌疯子', 68, '2019-05-16 08:58:59', 0, '<strong>请在这里添加你的小说简介</strong>', 1, '{url=http://193.112.41.124/group1/M00/00/01/rBAABVzctbWAWdG9AAAABxJST_s280.txt}', 1, 'http://193.112.41.124/group1/M00/00/01/rBAABVzctbKASWI4AAAf78k_IkU498.jpg');
INSERT INTO `sn_novel` VALUES (43, '仙缘无限', '雪域明心', 70, '2019-05-16 09:00:59', 0, '<b>暂无</b>', 1, '{url=http://193.112.41.124/group1/M00/00/01/rBAABVzctiSAUDvdAAAABxJST_s387.txt}', 0, 'http://193.112.41.124/group1/M00/00/01/rBAABVzctiCAfsRiAAAOMDwsCnM864.jpg');
INSERT INTO `sn_novel` VALUES (44, '武道宗师', '爱潜水的乌贼', 71, '2019-05-16 09:05:47', 1, '<b>武道宗师，谁与争锋</b>', 1, '{url=}', 1, 'http://193.112.41.124/group1/M00/00/01/rBAABVzctoqAV1LbAABoRJL2Ks4866.jpg');
INSERT INTO `sn_novel` VALUES (45, '仙剑奇侠传', '管平潮', 72, '2019-05-16 09:09:56', 1, '<br />', 1, '{url=http://193.112.41.124/group1/M00/00/01/rBAABVzcuEaAYGP1AAAABxJST_s420.txt}', 1, 'http://193.112.41.124/group1/M00/00/01/rBAABVzcuEOAaQhDAACFB05aZFM157.jpg');
INSERT INTO `sn_novel` VALUES (46, '重生之官路商途', '更俗', 61, '2019-05-16 09:13:05', 1, '<br />', 1, '{url=http://193.112.41.124/group1/M00/00/01/rBAABVzcuR-Affm4AAAABxJST_s449.txt}', 1, 'http://193.112.41.124/group1/M00/00/01/rBAABVzcuQKAIlT4AACY_0ku3m0559.jpg');
INSERT INTO `sn_novel` VALUES (47, '明明可以靠脸吃饭', '千年杀', 75, '2019-05-16 09:15:36', 1, '<br />', 1, '{url=http://193.112.41.124/group1/M00/00/01/rBAABVzcubaAOun3AAAABxJST_s660.txt}', 1, 'http://193.112.41.124/group1/M00/00/01/rBAABVzcuYOAAbJqAAC9Cg0rggg135.jpg');
INSERT INTO `sn_novel` VALUES (48, '女总裁的全能兵王', '寂寞的舞者', 76, '2019-05-16 09:21:08', 0, '<br />', 1, '{url=http://193.112.41.124/group1/M00/00/01/rBAABVzcuwOAVwchAAAABxJST_s915.txt}', 1, 'http://193.112.41.124/group1/M00/00/01/rBAABVzcuwCAcrPGAABuvST-GW8603.png');
INSERT INTO `sn_novel` VALUES (49, '官场风云', '叼西', 77, '2019-05-16 09:22:32', 0, '<br />', 1, '{url=http://193.112.41.124/group1/M00/00/01/rBAABVzcu1eAUuD3AAAABxJST_s811.txt}', 2, 'http://193.112.41.124/group1/M00/00/01/rBAABVzcu1OAONqGAAAKb3ujESI061.jpg');
INSERT INTO `sn_novel` VALUES (50, '重生之商场谋战', '地黄丸', 78, '2019-05-16 09:28:56', 1, '<br />', 1, '{url=http://193.112.41.124/group1/M00/00/01/rBAABVzcvNaAP-RYAAAABxJST_s735.txt}', 1, 'http://193.112.41.124/group1/M00/00/01/rBAABVzcvNOAXSAeAAAoD8ePgoM546.jpg');
INSERT INTO `sn_novel` VALUES (51, '懒唐', '千年龙王', 79, '2019-05-16 09:31:07', 1, '<br />', 1, '{url=http://193.112.41.124/group1/M00/00/01/rBAABVzcvVmALsBrAAAABxJST_s332.txt}', 0, 'http://193.112.41.124/group1/M00/00/01/rBAABVzcvVaAYXL3AANMsvMr2C0616.png');
INSERT INTO `sn_novel` VALUES (52, '铁血骠骑', '三十三层', 80, '2019-05-16 09:32:33', 1, '<br />', 1, '{url=http://193.112.41.124/group1/M00/00/01/rBAABVzcva6ADwn_AAAACMjFA88849.txt}', 1, 'http://193.112.41.124/group1/M00/00/01/rBAABVzcvayAUvbHAAD0w-iCu0c440.jpg');
INSERT INTO `sn_novel` VALUES (53, '风云战史之穿越三国', '老兔子与海', 81, '2019-05-16 09:34:07', 1, '<br />', 1, '{url=http://193.112.41.124/group1/M00/00/01/rBAABVzcvgeAJOvqAAAABxJST_s325.txt}', 0, 'http://193.112.41.124/group1/M00/00/01/rBAABVzcvg2AHoc9AABHyKzAIsY687.jpg');
INSERT INTO `sn_novel` VALUES (54, '调教大宋', '苍山月', 82, '2019-05-16 09:36:52', 1, '<br />', 1, '{url=http://193.112.41.124/group1/M00/00/01/rBAABVzcvq6ATc0yAAAABxJST_s810.txt}', 0, 'http://193.112.41.124/group1/M00/00/01/rBAABVzcvoeAJg56AACOQmCkJqQ206.jpg');
INSERT INTO `sn_novel` VALUES (55, '终极雇佣兵', '曹司空', 83, '2019-05-16 09:39:26', 1, '<br />', 1, '{url=http://193.112.41.124/group1/M00/00/01/rBAABVzcvzKAc3QVAAAABxJST_s823.txt}', 1, 'http://193.112.41.124/group1/M00/00/01/rBAABVzcvy-AZApQAADwvZV01ig508.jpg');
INSERT INTO `sn_novel` VALUES (56, '秦吏', '七月新番', 85, '2019-05-16 09:41:05', 1, '<br />', 1, '{url=http://193.112.41.124/group1/M00/00/01/rBAABVzcv62AeZo1AAAABxJST_s490.txt}', 1, 'http://193.112.41.124/group1/M00/00/01/rBAABVzcv4-ATLH-AAC6bgaJlHY409.jpg');
INSERT INTO `sn_novel` VALUES (57, '网游之天下无双', '失落叶', 87, '2019-05-16 09:43:16', 1, '<br />', 1, '{url=http://193.112.41.124/group1/M00/00/01/rBAABVzcwDOAckJGAAAACMjFA88882.txt}', 2, 'http://193.112.41.124/group1/M00/00/01/rBAABVzcwBmAGfoSAACJzjGiv0s793.jpg');
INSERT INTO `sn_novel` VALUES (58, '全能前锋', '空格键', 89, '2019-05-16 09:47:45', 0, '<br />', 1, '{url=http://193.112.41.124/group1/M00/00/01/rBAABVzcwTmAfBKbAAAABxJST_s128.txt}', 1, 'http://193.112.41.124/group1/M00/00/01/rBAABVzcwTaAMiBIAABo_GHrxoc787.jpg');
INSERT INTO `sn_novel` VALUES (59, '三国之棋逢对手', '棋道至尊', 91, '2019-05-20 09:53:52', 1, '<br />', 1, '{url=http://193.112.41.124/group1/M00/00/01/rBAABVzcwp6AM2x1AAAACMjFA88316.txt}', 2, 'http://193.112.41.124/group1/M00/00/01/rBAABVzcwnuASa51AABPAzXNFNg904.jpg');
INSERT INTO `sn_novel` VALUES (60, '天行', '失落叶', 92, '2019-05-16 10:02:18', 1, '<br />', 1, '{url=http://193.112.41.124/group1/M00/00/01/rBAABVzcxIyAEpaOAAAABxJST_s636.txt}', 1, 'http://193.112.41.124/group1/M00/00/01/rBAABVzcxImAb7F0AACHAj8LirQ897.jpg');
INSERT INTO `sn_novel` VALUES (61, '天生就会跑', '丧尸舞', 87, '2019-05-20 09:53:36', 0, '<br />', 1, '{url=http://193.112.41.124/group1/M00/00/01/rBAABVzcxPOADnhfAAAABxJST_s662.txt}', 1, 'http://193.112.41.124/group1/M00/00/01/rBAABVzcxPCAEg8IAAAoVLRyjNY266.jpg');
INSERT INTO `sn_novel` VALUES (62, '校园篮球风云', '大秦炳炳', 94, '2019-05-16 10:10:23', 1, '<br />', 1, '{url=http://193.112.41.124/group1/M00/00/01/rBAABVzcxpCAKv60AAAABxJST_s368.txt}', 1, 'http://193.112.41.124/group1/M00/00/01/rBAABVzcxnmAMHMtAAAKThfO9aI897.jpg');
INSERT INTO `sn_novel` VALUES (63, '掌中星际', '阿萨德', 95, '2019-05-16 10:12:26', 1, '<br />', 1, '{url=http://193.112.41.124/group1/M00/00/01/rBAABVzcxuqAURpeAAAABxJST_s018.txt}', 1, 'http://193.112.41.124/group1/M00/00/01/rBAABVzcxueAQpIEAAA-heDE0mE047.jpg');
INSERT INTO `sn_novel` VALUES (64, '星战风暴', 'SD', 96, '2019-05-16 10:14:13', 1, '<br />', 1, '{url=http://193.112.41.124/group1/M00/00/01/rBAABVzcx3OAVSO5AAAABxJST_s777.txt}', 1, 'http://193.112.41.124/group1/M00/00/01/rBAABVzcx1OAAGfGAACzaAId9E4877.jpg');
INSERT INTO `sn_novel` VALUES (65, '无限之从写轮眼到轮回眼', '可卡因', 98, '2019-05-16 10:17:31', 1, '<br />', 1, '{url=http://193.112.41.124/group1/M00/00/01/rBAABVzcyBuAMIUiAAAABxJST_s349.txt}', 1, 'http://193.112.41.124/group1/M00/00/01/rBAABVzcyBiAfBncAABgfqFefXM251.jpg');
INSERT INTO `sn_novel` VALUES (66, '诸天修道者', 'CD', 99, '2019-05-16 10:23:28', 1, '<br />', 1, '{url=http://193.112.41.124/group1/M00/00/01/rBAABVzcyZ2AbHzbAAAABxJST_s876.txt}', 1, 'http://193.112.41.124/group1/M00/00/01/rBAABVzcyX2AZ1zDAABgQ8m_ztM951.jpg');
INSERT INTO `sn_novel` VALUES (67, '穿梭之万千位面', '不知道人S', 100, '2019-05-16 10:25:09', 0, '<br />', 1, '{url=http://193.112.41.124/group1/M00/00/01/rBAABVzcygCAXT5-AAAACMjFA88472.txt}', 1, 'http://193.112.41.124/group1/M00/00/01/rBAABVzcyf6AfCUjAAAt8yHWv6I558.jpg');
INSERT INTO `sn_novel` VALUES (68, '地狱公寓', '第三方', 101, '2019-05-16 10:32:22', 1, '<br />', 1, '{url=http://193.112.41.124/group1/M00/00/01/rBAABVzcy7SANyI5AAAABxJST_s418.txt}', 1, 'http://193.112.41.124/group1/M00/00/01/rBAABVzcy7KAYZyXAABkeKf1n8A323.jpg');
INSERT INTO `sn_novel` VALUES (69, '蝴蝶公墓', '蔡骏', 102, '2019-05-16 10:34:09', 0, '<br />', 1, '{url=http://193.112.41.124/group1/M00/00/01/rBAABVzczA-AL6KzAAAABxJST_s026.txt}', 2, 'http://193.112.41.124/group1/M00/00/01/rBAABVzczBmAfjAdAABq_Pj-PKE292.jpg');
INSERT INTO `sn_novel` VALUES (70, '变身在DC世界', '想静静', 104, '2019-05-16 10:54:18', 0, '<b>读法和的时间可好看&nbsp;</b>', 1, '{url=http://193.112.41.124/group1/M00/00/01/rBAABVzc0JqATb2oAAAACMjFA88228.txt}', 1, 'http://193.112.41.124/group1/M00/00/01/rBAABVzc0NKAD5mNAACSLMCdod4311.jpg');
INSERT INTO `sn_novel` VALUES (71, '变身在DC世界', '想静静', 104, '2019-05-16 10:54:19', 0, '<b>读法和的时间可好看&nbsp;</b>', 1, '{url=http://193.112.41.124/group1/M00/00/01/rBAABVzc0JqATb2oAAAACMjFA88228.txt}', 1, 'http://193.112.41.124/group1/M00/00/01/rBAABVzc0NKAD5mNAACSLMCdod4311.jpg');
INSERT INTO `sn_novel` VALUES (72, '混在海贼世界的日子', '挨打', 105, '2019-05-16 10:55:49', 1, '<br />', 1, '{url=http://193.112.41.124/group1/M00/00/01/rBAABVzc0SuAdd45AAAABxJST_s640.txt}', 1, 'http://193.112.41.124/group1/M00/00/01/rBAABVzc0TCAAFAaAABwhcqnN5M860.jpg');
INSERT INTO `sn_novel` VALUES (73, '海贼盖伦', '河流之汪', 106, '2019-05-16 10:57:49', 0, '<br />', 1, '{url=http://193.112.41.124/group1/M00/00/01/rBAABVzc0ZiAO_wYAAAABxJST_s468.txt}', 1, 'http://193.112.41.124/group1/M00/00/01/rBAABVzc0aWAduFFAAAvdiXmSmE211.jpg');
INSERT INTO `sn_novel` VALUES (74, '这怎么可能是俺妹', '分工', 107, '2019-05-16 10:59:45', 0, '<br />', 1, '{url=http://193.112.41.124/group1/M00/00/01/rBAABVzc0hWARGL8AAAABxJST_s918.txt}', 1, 'http://193.112.41.124/group1/M00/00/01/rBAABVzc0huAdBbDAABSbfmyWrY997.jpg');
INSERT INTO `sn_novel` VALUES (77, '完美世界', '辰东', 47, '2019-05-20 09:51:18', 1, 'shihao日天', 1, '{url=http://193.112.41.124/group1/M00/00/02/rBAABVziCBKAPeHsAAABz3Mx87A509.txt}', 1, 'http://193.112.41.124/group1/M00/00/02/rBAABVziCAuAIs58AACJ-5s-aEg784.jpg');
INSERT INTO `sn_novel` VALUES (78, '用户上传1', 'cc', 72, '2019-05-20 09:58:58', 0, '<b>无</b>', 1, '{url=}', 0, 'http://193.112.41.124/group1/M00/00/02/rBAABVziCd2APmfIAACJ-5s-aEg354.jpg');
INSERT INTO `sn_novel` VALUES (79, 'wanmei2', '333', 116, '2019-05-20 10:07:50', 0, '<strong>22222</strong>', 45, '{url=http://193.112.41.124/group1/M00/00/02/rBAABVziC-6ABNu7AAABz3Mx87A792.txt}', 0, 'http://193.112.41.124/group1/M00/00/02/rBAABVziC_OASaL7AACJ-5s-aEg552.jpg');

-- ----------------------------
-- Table structure for sn_user
-- ----------------------------
DROP TABLE IF EXISTS `sn_user`;
CREATE TABLE `sn_user`  (
  `user_id` int(11) NOT NULL AUTO_INCREMENT,
  `user_username` varchar(30) CHARACTER SET utf8 COLLATE utf8_general_ci NOT NULL COMMENT '用于登录的用户名,唯一',
  `user_password` varchar(30) CHARACTER SET utf8 COLLATE utf8_general_ci NOT NULL COMMENT '用户密码',
  `user_nickname` varchar(30) CHARACTER SET utf8 COLLATE utf8_general_ci NOT NULL COMMENT '用户显示昵称 可修改',
  `user_nickpic` varchar(255) CHARACTER SET utf8 COLLATE utf8_general_ci NULL DEFAULT NULL COMMENT '用户头像',
  `user_email` varchar(50) CHARACTER SET utf8 COLLATE utf8_general_ci NOT NULL COMMENT '用户邮箱,用于激活账号',
  `user_phone` varchar(20) CHARACTER SET utf8 COLLATE utf8_general_ci NOT NULL COMMENT '用户手机号 可选 用于激活账号',
  `user_email_active` int(1) NULL DEFAULT 0 COMMENT '默认0:未激活 1:已激活',
  `user_phone_active` int(1) NULL DEFAULT 0 COMMENT '默认0:未激活 1:已激活',
  `user_registtime` datetime(0) NULL DEFAULT NULL ON UPDATE CURRENT_TIMESTAMP(0),
  `user_code` varchar(100) CHARACTER SET utf8 COLLATE utf8_general_ci NULL DEFAULT NULL COMMENT '存放自动生成的激活码',
  PRIMARY KEY (`user_id`, `user_username`) USING BTREE,
  INDEX `user_id`(`user_id`) USING BTREE
) ENGINE = InnoDB AUTO_INCREMENT = 50 CHARACTER SET = utf8 COLLATE = utf8_general_ci ROW_FORMAT = Compact;

-- ----------------------------
-- Records of sn_user
-- ----------------------------
INSERT INTO `sn_user` VALUES (1, 'pbb', '456', 'xsg', 'http://193.112.41.124/group1/M00/00/02/rBAABVziChuAc9-_AAAnGNWYpTI90.jpeg', '1736693562@sad.com', '12513143422', 1, 1, '2019-05-15 17:00:40', NULL);
INSERT INTO `sn_user` VALUES (2, 'xiaoming', '456', 'dsg', 'http://193.112.41.124/group1/M00/00/00/rBAABVzWntKAH6B-AAGCMX8MHUQ893.jpg', 'acbavbewi@adf.com', '14324123141', 0, 1, '2019-05-15 14:18:06', NULL);
INSERT INTO `sn_user` VALUES (3, 'xiaoyu', '321', '123', 'http://193.112.41.124/group1/M00/00/00/rBAABVzWntKAH6B-AAGCMX8MHUQ893.jpg', 'aswefuw@apsdq.com', '17356263669', 0, 1, '2019-05-15 14:18:12', NULL);
INSERT INTO `sn_user` VALUES (4, 'Emma', '123456', 'water', 'http://193.112.41.124/group1/M00/00/00/rBAABVzWntKAH6B-AAGCMX8MHUQ893.jpg', '1r1dcw@wqwr.com', '12761745475', 0, 0, '2019-05-15 14:18:14', NULL);
INSERT INTO `sn_user` VALUES (5, 'xiaoyu', '1', 'water', 'http://193.112.41.124/group1/M00/00/00/rBAABVzWntKAH6B-AAGCMX8MHUQ893.jpg', '4382842587@qqf.com', '12761745455', 1, 1, '2019-05-15 14:56:49', NULL);
INSERT INTO `sn_user` VALUES (6, '三上老师', '74824', 'afjeg', '', 'wrvwq1r213fw@ace.com', '12431523123', 0, 0, '2019-05-15 14:57:05', NULL);
INSERT INTO `sn_user` VALUES (18, '刘德华123', '666666', 'asd', NULL, '1358686456@qq.com', '17356263669', 0, 0, '2019-05-15 14:57:22', NULL);
INSERT INTO `sn_user` VALUES (19, 'zs12312', '123123', '大哥', NULL, '1358996546@qq.com', '16533636659', 0, 0, '2019-05-15 14:57:12', NULL);
INSERT INTO `sn_user` VALUES (21, '1313255', '123123', 'asd', NULL, '135868645@qq.com', '17356263655', 0, 0, '2019-05-15 14:56:31', NULL);
INSERT INTO `sn_user` VALUES (22, '9999999', '9999999', '123', NULL, '35654268758@sina.com', '17356263663', 0, 0, '2019-05-15 14:56:35', NULL);
INSERT INTO `sn_user` VALUES (23, 'zc', '123', 'zc', 'http://193.112.41.124/group1/M00/00/01/rBAABVzcypWANoJDAAA1fkvHJDU74.jpeg', '675274398@qq.com', '17356263661', 1, 0, '2019-05-15 14:56:38', NULL);
INSERT INTO `sn_user` VALUES (25, '爱丽丝', '123', '爱将军', 'http://193.112.41.124/group1/M00/00/00/rBAABVzavg6AW6wMAAB0il4guDI522.jpg', '1289127381@qq.com', '1289127381@qq.com', 0, 0, '2019-05-15 14:55:16', NULL);
INSERT INTO `sn_user` VALUES (26, '爱丽丝1号', '123', '爱将军', 'http://193.112.41.124/group1/M00/00/00/rBAABVzav4iAUcSvAAB0il4guDI987.jpg', '123123@qq.com', '123123@qq.com', 0, 0, '2019-05-08 14:55:19', NULL);
INSERT INTO `sn_user` VALUES (27, '爱丽丝1号', '123', '爱将军', 'http://193.112.41.124/group1/M00/00/00/rBAABVzav4iAUcSvAAB0il4guDI987.jpg', '123123@qq.com', '123123@qq.com', 0, 0, '2019-05-09 14:55:25', NULL);
INSERT INTO `sn_user` VALUES (28, '爱丽丝2号', '123', '爱将军', 'http://193.112.41.124/group1/M00/00/00/rBAABVzawHiAaoH9AAB0il4guDI996.jpg', '123123@qq.com', '123123@qq.com', 0, 0, '2019-05-06 14:55:30', NULL);
INSERT INTO `sn_user` VALUES (29, '爱丽丝3号', '123', '爱将军', 'http://193.112.41.124/group1/M00/00/00/rBAABVzawHiAaoH9AAB0il4guDI996.jpg', '123123@qq.com', '123123@qq.com', 0, 0, '2019-05-01 14:55:41', NULL);
INSERT INTO `sn_user` VALUES (32, 'yoko123', '123123', 'yokoyoko', 'http://193.112.41.124/group1/M00/00/01/rBAABVzcu5SAT9OcAAAouX6YDHQ962.png', 'kuluseky@outlook.com', '189898495128', 0, 0, '2019-05-19 12:42:03', NULL);
INSERT INTO `sn_user` VALUES (36, '爱丽丝4号', '123123', '爱将军', 'http://193.112.41.124/group1/M00/00/00/rBAABVzawHiAaoH9AAB0il4guDI996.jpg', '462637526@qq.com', '12312341234', 1, 0, '2019-05-16 09:53:24', '9f55ca2cf9d34900a71dad8ae0c2a7b7');
INSERT INTO `sn_user` VALUES (44, 'yoko123', '123123', 'yoko', NULL, '940768250', '18989849582', NULL, NULL, NULL, NULL);
INSERT INTO `sn_user` VALUES (45, 'yoko1234', '789789', 'yoko', 'http://193.112.41.124/group1/M00/00/02/rBAABVziDHuAISMZAAAm2e37wUQ64.jpeg', '940768250@qq.com', '18989849582', 1, 0, NULL, '52ac66fca2794ce489ab10622e80f250');
INSERT INTO `sn_user` VALUES (46, 'yoko12345', '123123', 'yoko', NULL, '940768250@qq.com', '18989849582', 1, 0, '2019-05-19 13:21:07', NULL);
INSERT INTO `sn_user` VALUES (48, 'yoko123456', '123123', 'yoko', NULL, '940768250@qq.com', '18989849258', 1, 1, '2019-05-20 09:42:06', 'ff5bdad4c8624b6f97793ab8c4d7cc5f');
INSERT INTO `sn_user` VALUES (49, 'kkk123', '123123', 'kkk', '', '948548452@OUTLOOK.COM', '15151515151', 0, 0, '2019-05-20 09:46:10', NULL);

SET FOREIGN_KEY_CHECKS = 1;
